"";"EMV";"EMV";"EMV";"EMV";"EMV";"EMV";"EMV";"EMV";"EMV";"EMV";"EMV";"EMV";"EMV";"EMV";"EMV";"EMV";"EMV";"EMV";"EMV";"EMV";"EMV";"EMV";"EMV";"EMV";"EMV";"EMV";"EMV";"EMV";"EMV";"EMV";"EMV";"EMV";"EMV";"EMV";"EMV";"EMV";"EMV";"EMV";"EMV";"EMV";"EMV";"EMV";"EMV";"EMV";"EMV";"EMV";"EMV";"EMV";"EMV";"EMV"
"1";1,73747311055694;1,66330493989621;1,43883740467996;1,57407024387804;1,16896659085671;1,48191515502015;1,16476123153356;1,35755450986564;0,748392601425075;1,03715257228409;1,38916511175215;1,3215261454744;1,14799903035166;1,24025768639082;1,4793784258476;1,24699063207399;1,29810457502892;1,61073528048225;1,27218693301305;0,997789917831678;1,52155016625749;1,04970327432882;1,15613219544965;1,43033076427286;1,81637216319922;1,80742782496854;1,43149249467428;1,29826457535475;1,48814411880423;1,56395649615591;1,66863934366688;1,58341280559143;1,47261945479191;1,62241294952554;1,24943399630648;1,25635218724295;1,67892527490859;1,27245206364798;1,83408273010969;1,1335184009119;1,40231444080875;1,60153609477141;1,16015754228082;1,30579319696544;1,35696145194249;1,21830791341204;1,14284684136668;1,34412072295997;1,54290324897969;1,6669326665992
"2";1,62077641354622;1,46606964434988;1,08060651539263;1,91809442500947;1,40499205943504;1,16566860936073;1,28021838157919;1,27812017585985;1,2003538902778;1,69079041858392;0,783512126226463;1,45483232586289;0,944384920488698;0,964954377012513;0,780647427972465;1,42541066926356;1,48839686857438;1,17622736672508;1,53374959888911;1,27653587942526;1,4018082488314;1,23001753984651;1,41070980946611;1,3330488710631;0,857700293962546;1,67329238592258;1,2885243798717;1,52670887496608;0,854115745050402;1,60793694226112;1,60745007707313;1,03923295792491;1,6030064694194;1,29953562698369;1,26572637884202;1,23657170657791;1,3629050917627;1,74392285502219;1,33399696622678;1,22972913755888;1,08818496733699;1,57977790381097;1,1430820238912;1,40662901256586;1,19242070466562;1,4405199366468;1,01453048235815;1,28610943720473;1,44186535516048;1,64959102879543
"3";1,62224953552319;1,29459697474009;1,3046522622579;1,58335888407184;1,61645179359596;1,45342542442706;1,73591444068402;1,54964986394625;1,4760249317123;1,17099918896427;1,64150278900823;0,945100156529994;1,61945741892533;0,820553835489703;1,54748740081232;1,42343226394991;1,33320697251748;0,967124008360095;1,35948172335105;1,58134626882283;1,06880031609435;1,33314256354088;1,44671681288971;1,25797682006039;1,61743456492769;1,38530181931229;1,03939035716134;1,39377629442962;1,35824869123305;1,39008405948619;1,3015652625586;1,08911577998512;0,858146330982055;1,53227859082141;1,53655391261879;0,896137463493733;1,4018374231174;1,62034614618401;1,51006271345778;1,24158042024294;1,30351369764653;1,15038431634728;1,85055016902834;1,24709682431375;1,53159277210283;1,65053455100217;1,75059752422318;1,0981309589773;1,56433138872331;1,13733613757372
"4";1,74904207222485;1,41153708499264;1,87507531942286;1,32416270401199;1,49321722146491;1,07184527001928;1,1891553807931;1,45200432880768;1,26816490563263;1,22064987059046;1,47351367155531;1,45755232574415;1,56240673516357;1,63087937717451;1,10246413203765;1,05498806084628;1,56324419606819;1,39769310215902;1,44146062908408;1,65120985648332;1,57697675478552;1,62255089095589;0,914144318260058;0,885696656446573;1,2323517576202;1,11115652020363;1,80429406135512;1,59309444844834;1,31280492267361;1,66265596264847;1,53241380039509;1,2469438821689;1,4298171143096;1,86096512894754;1,47368351358437;1,51026794700191;1,48849764206648;1,57288609502073;1,44628312673937;1,44917811438476;1,65610843518376;1,58570452852801;1,41289013985176;1,77965390440701;1,58438864830452;1,49072513421416;1,37739894082118;1,18992481230354;1,22907578216869;1,23824247220101
"5";1,02385129538226;1,68949489239631;1,3694223638042;1,5421080222083;1,36771038653979;1,62746572920505;1,21950235866968;1,57663116364508;1,55700720883787;1,50497805823556;1,74045179378487;1,3007571698945;1,65459433531368;1,37051330657332;1,21198282776743;1,41355271364346;1,77883601159325;1,46633548916717;1,35680291322964;1,38800085996622;1,42468775859118;1,55071429703172;1,74156812837048;0,757603355439469;1,23962961515922;1,65924228315647;1,64945965926011;1,14402559644374;1,46956075934123;1,41255856493134;1,14588474389531;1,36161191756408;1,64774904101525;0,620151297074711;1,22046426240051;1,35840496352418;1,50953223028523;2,00239230503358;1,41960651325252;1,41040244399146;1,24634045552803;1,13303226617332;1,58455996672444;1,3274600955119;1,12236568773556;1,02481543356307;2,02576563082777;1,42283362768371;1,22930824809738;1,37957760120023
"6";1,44103193469408;1,35365967113532;1,29639601606024;1,57228920858793;1,37026607483463;1,30767623832716;1,23549357252406;1,03914988192468;1,61377617383348;1,39355938854006;1,45650515925379;1,43542601439918;1,24335382591669;0,838248499364469;1,31649360516566;1,20757816912653;1,30251429726211;1,34149081827052;1,15165092572848;1,10824430408;1,50224087174183;1,57034349549893;1,26002641001024;1,81184784080362;1,69225756581292;1,5365612284962;1,44751873727147;1,54618818584117;1,0953789344816;1,40785364125315;1,2067439611593;1,38412988909086;1,805705859625;1,54244006311925;1,43790844989103;1,71609454134327;1,55968496620822;1,4255407874131;1,20411940793784;1,32524347837447;0,895885456949225;1,31471257990725;1,57228597276922;1,53864482846784;1,1381643170952;1,2099648407673;0,673395717306167;1,26834251195067;1,11163042256527;1,15298412309788
"7";1,08390886634191;1,03648209951086;1,25832743067618;1,64373296300603;1,11149293152556;1,34854471828384;0,835701304898901;1,23661320100969;0,89210398344662;1,88803325764506;1,51046970530345;1,15188880977046;1,56611740298326;0,965246462535316;1,5798567330109;1,12539783521384;1,47031271966802;1,22952900137598;1,49300766404915;1,39397260495471;1,56495588428468;1,35815759468145;1,19580372893053;1,46078452492136;0,8692701654638;1,63977718522137;1,05094572870062;1,12189409542979;1,0642645565001;1,21046621176345;0,889009538445511;1,00336648433645;1,46745041766065;0,991932732502721;1,77169717073025;1,49985439816484;1,38834734316549;1,2696973810941;1,54238834269305;1,48844699440573;1,48674039374661;1,5285300414828;1,58505821643343;1,27532094490114;1,09167276570141;1,71979239133481;1,46956127723161;0,917163116074114;1,07083162262209;1,14110193091657
"8";1,49418127438908;1,70483542766356;1,338606729845;1,23743379643888;1,34634788762584;1,373083076982;1,22341763090829;1,38645595317939;1,5065215990094;1,52057531849897;1,51789267985523;1,57310663064643;1,55310265525663;1,43049482847806;1,22986548836118;1,46671864220121;1,35945540130149;1,01045988325687;1,00627838799902;1,12151632044835;0,978822515691597;1,6392275996981;1,28110306121507;1,09483558529194;1,78737318651177;0,996564635139572;1,40349695277473;1,48105735065962;1,42968369979585;1,35939052782315;1,33765093206021;1,55953774761385;1,01923332772404;1,16011498884547;1,39006304884297;0,895473872225307;1,43980478086117;1,12716713059966;0,83646680866532;1,13417208929852;1,37555013378465;1,51734322389306;1,30038618248358;1,27050432705877;1,09586912297145;1,00270928873981;1,27987411285184;0,986484689344777;1,56839924504041;1,13575041552809
"9";1,44005357944772;1,21540719476975;1,85550185214391;1,72950221488385;1,99466962322814;1,49365990113783;1,43383436785578;1,57816610577178;1,21238987713953;1,44321759042054;1,7535966550129;1,45275884571283;0,912933048193921;1,3268565559622;1,67499776962322;1,34723401850883;1,35361290606625;1,45997042386428;1,8543262518478;1,33038495396149;1,19558976982165;1,74023358025098;1,14156707319847;1,18193843885441;1,36535386895726;1,20849416637051;1,12060052066955;1,22377491034496;1,89597925863472;1,01415811452072;1,40737921212261;1,16933049739326;1,71178831012833;1,80198714324613;0,677008108577938;1,19391158271893;1,35224109050267;1,34329669324301;1,71743011155059;1,49607909046338;1,2928180946355;1,55752165843767;1,29251967626431;1,50472353015558;1,0408125813303;1,48699463485112;1,2531121857121;1,10520577039921;1,47398097129558;1,34964732177563
"10";1,55856991854304;1,54917161649411;1,25899933515215;1,23226688065029;1,44331496339046;1,4480933072148;1,07014694661722;1,72468959256859;0,951862151459172;1,15657692916144;1,15388736841441;1,69220052208229;1,5385008314891;1,50719843858313;1,48864682943189;0,92652713132714;1,42660448851265;1,63674338843949;1,42922941981936;1,29830469501759;1,01337206125972;1,04521585687197;1,54717789318208;1,46773794556342;1,51377798807913;1,18694412888348;1,38533518305279;1,3793784668328;0,843017130627401;1,43703230353969;1,33913059687399;1,14137356251069;1,50808671022181;1,15142087691576;1,52345154371348;1,51199555371122;1,01350505450736;1,35619871094961;0,900440068450884;1,39103310943681;1,86733864374391;0,964057039497902;1,54646046006613;1,1050029886104;1,39192810277803;1,71083846948961;1,36081830765186;1,23446222982575;1,71315235025535;1,65401849202881
"11";1,37727441863082;1,1189340456462;1,4573881299927;1,5692834473194;1,7449207640004;1,4555401516606;1,58833043052623;1,47756836720434;1,13464462054911;1,50079597885499;1,1932390564491;1,67608657213412;1,29193239403695;1,20630524189116;1,69264363001331;1,60963684122562;1,1717670486221;1,08929951747013;1,16755947889258;1,143687373001;1,52564374473387;1,72056390741295;1,52293675078559;0,91462734733411;1,31918889427156;1,73933280311042;1,28050466870206;1,51250827875599;1,27924697940667;1,14353797382462;1,71558319619531;1,14769827567333;1,17153975683095;1,09642896634442;0,795242296725003;1,33229721830694;1,3485791145796;0,529855263019171;1,37460740334052;1,21710859168677;1,26224137634871;1,67331577532214;1,62981238124624;1,51905953237757;1,25396195257129;1,47284468755033;1,42711281245906;0,53193301635327;1,67603326191036;1,69427560831072
"12";1,3881371039901;1,17705520756827;1,2948418730414;1,15921479173799;1,08014900797174;1,54297396610187;1,12504810419379;1,3797916439322;1,49867239265548;1,62310738783957;1,10045172055518;1,59854845026491;1,45148264584584;0,985734489649588;1,19556672278991;1,51165122392898;1,27032194167719;1,20987104041789;1,67789651135869;1,69106809521902;1,5368825240336;1,07189515662426;1,51841786682512;1,50249327967222;1,63125104241751;0,960660969890967;1,36655873093373;1,51942931294017;1,40389431559985;1,51038305690645;1,19403063919365;1,55971238285021;1,98575652669975;1,73493688881143;1,03899118864752;1,25142824584405;1,18739004252731;1,25737624469001;0,855674713673275;1,31492002350232;1,39781848945266;1,3931825622307;1,3885619084825;1,41366559319479;1,24759779132191;0,977656001739702;1,69327452431468;1,60980307659973;1,24819625313162;1,17003180550669
"13";1,31351116177364;1,25224716999605;1,18612904606679;1,30979721595766;1,16099320391557;1,55883011492845;1,27141199892482;1,19458469377842;0,717215066643953;1,53845449983711;1,71625030434557;1,18541365882312;0,790935132021445;1,55752050696968;0,998882852582769;1,09747593772878;1,43197645091772;1,78411292147879;1,42416899770934;1,63747397795015;1,52080293646225;1,50925264993977;1,3835922642552;1,49049747068647;1,73267867336621;1,08889960322331;1,57777289120453;1,32115648546667;1,56196826193693;1,35551250257871;1,34935305388613;1,39830973029014;1,82063154970183;0,820840333630033;1,15307070853173;1,67041315482069;1,76052950480675;1,53953370123051;1,81284183589204;1,09647466316839;1,48026085162099;1,53302248349534;1,10101297427541;1,36035870389298;1,40498330697833;2,04155705182405;1,39657135650208;1,05344073743965;1,25934852553992;0,994884025379887
"14";1,41879045975643;1,47900085466905;1,09862054826898;1,42714999138715;1,12371919656032;1,15539605876827;2,01665526029867;1,53790950593828;1,4907408929535;1,53594766033147;1,44641386404094;0,842533846864626;1,43074749191115;1,13722271707085;1,5123498877652;1,03465879865936;0,688050452180586;1,59410002315688;0,999256520892942;1,7970518525993;0,829770594908343;1,41047057823236;1,30605694054847;1,20144211172338;1,62105145957303;1,08605183497875;1,14642032942352;1,40376046459034;1,35221022616709;1,02105319940043;1,71723748193979;1,51969180672588;0,759861289508658;1,03728159095276;1,69523279451211;1,62009118113778;0,908339807265428;1,47342798244573;1,49749022948486;1,50841339386419;1,6223594420809;1,04824869110585;1,68460716143209;1,0569621499673;0,999034994644003;1,28572904937289;0,943522430472334;1,53567660869013;1,35596391233823;1,58767699617846
"15";1,1943628801903;0,981518269746156;1,26580012165437;1,47153477597406;1,77955839062877;1,22556862923456;0,77621536342302;1,38906959728409;1,36926227451704;0,829400176576149;0,820632613243797;1,19380457525976;1,54426677250619;1,06576273653868;1,38720074995688;1,17754440145302;1,54409305894995;1,50391239719431;1,4501393219229;1,4317256055205;1,46595925985085;1,12809776321461;1,2927434593035;1,0831036600005;1,29564716581726;1,24281121760733;1,30884402372712;1,80881103699429;1,48433349433803;1,4284556079052;1,00763099320143;1,39115670723391;1,55131782101506;1,53729082358137;1,57916740679194;0,946645705130763;1,28112567725883;1,57889507061457;1,15179069431358;1,39693285149112;1,28126218389391;1,19617125961819;0,769014440730792;1,43373785434668;1,50397694188363;1,4560777957882;1,25718987082994;2,00661841223715;1,16899441299343;1,36813933503785
"16";1,46797123953391;1,23987086518627;1,35605206668172;1,37997671382027;1,42347345976626;1,34557737912578;0,0620889702772032;1,58031831467784;1,36163363268226;1,44010845957137;1,37782497528699;1,43849193482843;1,24513375066326;1,61160264854957;1,10194392622731;1,06630181424301;1,53305140861381;1,02198537131665;1,28577956728872;1,40165341260919;1,34003043865351;1,25583083552501;1,29951993852709;1,79131087268772;1,57270855432044;1,59561705719061;1,63346502212337;1,50912807723655;1,4520489201192;1,36090638245128;1,55765420518668;1,33460057382142;1,32661113006536;1,30619414278596;1,15088432737466;1,45053721120641;1,55188085029102;1,29094412730479;1,30822798094685;1,14822413914408;1,3710210673652;1,32747583189815;1,45781675550396;1,40674657349822;1,59593364103416;1,4408346255821;1,40820844515359;1,55118281554864;1,29076116581254;1,54384299168681
"17";1,334856226421;1,87521878952509;0,956974588906506;1,06439229900614;1,36903081899979;1,56541655726194;1,2068430783749;1,16982435504696;1,41030085059988;1,68663225197556;1,47990390254536;1,01901595291632;1,94095212611262;1,31364137016759;1,08556953073968;1,37270315033248;1,51183524079899;1,86322596630519;1,72259797334697;1,68455743549891;1,55125707819594;1,35389023882113;1,50542054901973;1,08456429580236;1,38645097316363;1,70504213148927;1,27187157744345;1,80041010332011;1,18047519558856;1,40714858837049;1,57694824737154;1,00154217836601;1,91741547025022;1,65813004360476;1,35706428077205;1,46468682459567;1,15762939526842;1,48592026418382;1,44383361600015;1,46262711409394;1,24055567151751;1,03248898188424;1,43909218548273;1,18865297689193;1,49636596797164;1,72694952042441;1,39414019064277;1,24259341812032;1,49224517796658;1,35429756267119
"18";1,0993405861282;1,67967055358256;1,04957343758212;1,27231569179462;1,2939132529254;0,949648572669758;1,55499210426514;0,788189837294116;1,13410115971533;1,31483532812638;1,39757258155073;1,74462589593849;1,5692038832997;1,55046415436606;1,19496118017148;1,62588527785349;1,48794276616388;1,5739826838121;0,629178692616189;1,51964117917438;1,54691487799071;1,61415427645084;1,29671136883508;1,41171007126213;1,61728028448076;1,32121000682324;1,61848397249272;1,04224548116711;1,68461162888193;1,54998924149702;1,37074246656617;0,999313282878211;1,63329713228816;1,38533814901745;1,61407970802434;2,33779637755859;1,22091217453889;1,49391415398679;1,59280491214338;1,40568799297764;1,49864708756384;1,5833030528152;1,53675757258159;1,47902404837349;1,33525305631707;1,41019160928392;1,17779038472088;1,35922650529165;1,17326099276051;1,43536173513004
"19";1,39579766083892;1,00125697497428;1,53682330665516;1,29583074962376;1,16562438566041;1,70456071553589;1,5730003854835;1,21755194605557;1,06664390818802;1,65946682783219;1,09363939393743;1,54698169476602;1,23899699640732;1,2935684847986;1,57459683435865;1,30194546092415;1,52127079413735;1,44943780901771;2,18523481797987;1,0465024779037;0,813799037815302;1,44503225432994;1,32766948358435;1,46078272226008;1,38526703154628;1,43496933462634;1,61979234189129;1,31470699180978;1,39489941132394;1,75655860734053;1,18436715822514;1,54577685010842;1,27177220727454;1,1380314137701;0,941867959151739;1,59064718010182;1,82372167345711;1,70523614193446;1,39762428361958;0,968581826997558;1,79559531533965;1,57072253049027;1,54294699053148;1,63176638595066;1,34449386703407;1,73693047888909;1,03050934303373;1,39023327860671;1,34002412523448;1,53316505571875
"20";1,05489621547939;1,05890753296133;1,18032055109313;1,20654418345485;1,47683569094042;1,23736402798025;1,36560934143777;1,74878461648515;1,63413316013769;1,12361760478729;1,53643183921799;1,35108737401351;1,51359894085313;1,57800726227861;1,23494935288018;1,46503343562276;1,24355353805615;1,66665989808254;0,974809537339887;1,98767411558191;1,31252614942592;1,7400851858625;1,36562523234203;1,59071443751872;1,0563329388346;1,5374637162368;1,37601899443116;1,31832482328793;1,15606780694522;1,33755535939534;1,64856266192071;1,07819186060692;1,53805163385172;1,18683327023864;1,66435175037916;1,65484405645108;1,32204241429915;1,38360623798702;1,59776876556745;1,37510310589037;1,13101077256951;1,35444850258266;1,03366454799324;1,78292433973039;1,25082177371943;1,69044197882954;1,11348225739816;1,60971912494398;1,62970279766748;1,08458471611423
"21";1,37694533125977;1,33413001916561;1,30986482790699;0,97242098216164;1,38097240229187;1,88873155062828;1,09293250644003;1,39507089044769;1,03191383453737;1,314937480565;1,59636120612329;1,06935831437053;1,56127839913728;1,414608877102;1,37568257948377;1,48175807485868;1,3068056792903;1,26038355592035;1,06897849375533;1,57424472095722;1,14574289531645;1,23133817352202;0,839690735741922;1,7542776486344;1,73051114421358;1,38515796099054;1,4263456215066;1,53348791819984;1,73086912974272;1,7250896835729;0,710783470088401;1,56295368112497;1,73908418121088;1,52261259737766;1,37585985204654;1,3684680422542;0,990564111958927;1,18302794279971;1,08052649882677;1,30012356520485;1,22820543179281;1,25342353020017;1,34483133209633;1,48027078599208;1,65203112267301;1,62957390934314;1,45891953954539;1,23976697470868;1,4843676179793;1,27318555739863
"22";1,34276278222916;1,39468102506406;1,27266464652608;1,09944044875078;1,27888262156778;1,35843977350287;1,43576297780728;0,918333533430314;1,10637013555399;1,44466699236216;1,17225588338624;1,21044961738062;1,62507619262752;0,79800678124941;1,55688281071213;1,31257038511201;1,01907226955984;1,23064258162881;0,938941198123054;1,47057038000818;1,39356456946657;1,49720417720201;1,31157036897708;1,48208043628789;0,616520658568909;1,05895288717359;1,64213815390003;1,20310000807844;1,15316394956741;1,5743991520429;1,31160767576633;1,36556162851299;1,25514832015724;1,17838984593585;1,37887262533588;1,75269120314387;1,51316687641296;1,17080400257023;1,40895902378708;0,920949375311077;1,18909762294818;1,78994224217751;0,640182610697119;1,12932913042227;1,73176861920649;1,77696312923339;1,76013498243475;1,34846579217519;1,44449937610185;1,57350607764367
"23";1,38540577246665;1,53450836765489;1,54983553823058;1,09071645948824;0,950425211049285;1,07308658304008;0,829882669059367;1,34705285352456;1,37890241373452;0,952779352071443;1,07046600353975;1,25029631936343;1,36162965286061;1,03059454473428;1,62748363164477;1,05509972623115;1,24020427138069;1,43312101013709;1,38807757056308;1,01590281702139;1,34411715292826;1,43089143111551;1,32509594446455;1,63273691053416;1,1822642266923;1,22319241419252;1,43476788728127;1,57885181949946;1,49974300219266;1,62249076080996;1,28643258439211;1,40331618499882;1,38339259559867;1,1757547198715;1,68044686305821;1,32879935920001;0,94672062361257;1,40993529647205;1,34806557812764;1,11252407408562;1,19850953337524;1,27548798039976;1,31691723379798;1,27002116057391;1,66732251532126;1,08989554311905;1,01190355042283;1,44094454338522;1,76351043871517;1,90712747728082
"24";1,74984048654055;1,42510795003511;1,69884469877118;1,55763908001772;2,00146817044437;1,72722146390224;1,26351191618374;1,86616006257683;1,34685510252462;1,12185463853005;1,57031859377745;0,929964586075724;1,16549670918656;1,49568444244363;0,979899270459249;1,65883154950893;1,27341193209951;1,84435811400664;0,863458551742475;1,5543902045629;1,58305004586292;1,57342964462628;1,65362486698449;1,50153351657953;1,49067766002943;1,68096355172498;1,36912731686724;1,05759343152066;1,74701544325587;1,88745630043933;1,7146019693496;1,5625207591092;1,13416320160689;1,39798578237706;1,59612377955812;1,34357309082215;1,49390099855526;1,81661573810781;1,36831270472837;1,41151320594794;1,65212449519094;1,64235517926569;1,25535048963433;1,25007727920909;1,77819469290332;1,39124001671491;1,87555296251132;1,8863478216637;1,56612512279562;0,741021426338951
"25";1,501096157034;1,71178563934582;1,23005462583954;1,62391661150784;1,23845960848682;1,2366179448183;1,54842286223605;1,08440199939929;1,39435463892284;1,23936753492377;0,681335899777642;1,2443252926711;1,33755593751553;1,70729386298462;1,35977644710397;1,6292368750822;1,37517123608977;1,21411105690068;1,38297068533413;1,38027796549147;1,49808762049835;1,53279167026057;1,26321472741891;1,34031895573827;0,979207749194192;0,98560335470068;1,28176297941184;1,64708269570064;1,20581428493011;0,680888875733656;1,60390111399853;1,54067566366556;1,23170711695516;1,46457835570653;1,31951954945808;1,25476956363233;1,01265006399863;1,28586174378653;1,35641252558569;1,23576795756673;1,02587564975195;1,58982229237038;1,29236845238519;1,15959694471416;1,23395853422809;1,20716958702;1,21015366093537;1,33417092665398;1,5005250672842;1,71284532587477
"26";1,42684381315673;1,86109343870669;0,809369220767428;1,86706776805541;0,992686131459672;1,30570707613154;1,54989514901699;1,78950254940231;0,907664059289968;1,15910420470018;1,86981010036367;1,560883403833;1,18548461517935;1,35169692194233;1,29491027972455;1,54430528276306;1,33250091395273;1,49903219952898;1,41966920499724;1,25340506905292;0,704499877546501;1,56281730671743;1,54866093762796;0,463318920900469;1,65921927445098;1,62889862177902;1,68744730570175;1,60708044111819;1,096153565414;1,24199012597459;1,76057320087039;1,75343768643509;1,25897124857214;1,22503903220289;1,60599847116149;1,70220172499897;1,51056323321817;1,51706954441712;1,29970040697011;1,142861827092;1,61439100170225;1,49692826823982;1,2673561170835;1,01892081364291;1,82178806232304;1,72370248941305;1,7246438873396;1,72595354837188;1,76807145731311;1,84273173051324
"27";1,36567675010065;1,30465833647974;1,50091953317568;1,76697309783317;1,69258469507477;1,41351208940781;1,27868411049017;1,68340197666822;1,57648096614788;1,68071835693603;1,44029060169805;1,64831866864081;1,48631011811457;1,26631191533794;0,87479012118651;1,29039264325425;0,963858791766965;1,07706936311834;1,61575788413811;1,77794602479119;1,49267080808523;1,59194383444662;1,93485440737608;1,48910628119475;1,48836044026946;1,16783383880464;1,36181610209451;0,873511037651703;1,23583388489667;1,88237828171015;0,772759721261209;1,61468639768304;1,58920194357724;1,43661484469953;1,43053111839477;1,17808957430317;1,26131363228991;1,32482885782493;0,684469918324044;1,38974844270984;1,00832065430095;1,54035837434613;1,45678952771328;0,883578078996035;1,55177308529276;1,49952396933172;1,45029351736073;1,41194826703427;0,922343892025846;1,23552914059803
"28";1,33083982224303;1,49127088322652;1,36223769266682;1,07722923819594;0,608721363966357;1,36801248422805;1,24873017433009;1,24965275112668;1,2912861650695;0,998469621970982;1,28478823103451;1,01345262374906;1,38480550894239;0,884525104411848;1,58898926272765;1,77523833354044;1,34798111685021;1,56134646392032;1,27803724409928;0,983126772394683;1,09312887853839;1,30101308023192;1,160685501219;1,33170881179397;1,39661338324463;1,51981224583909;1,23218116228606;1,34724179616787;1,09879887958021;1,29576118946336;1,12174415439992;1,15304954489382;1,38353459653209;1,14189000902224;1,30346900511439;1,61118927012472;1,19723274312244;1,31179494249516;1,07365706272941;1,39735901118001;1,40849480939142;1,5923379692241;1,65067268321122;1,32734062891222;1,16321696587781;1,69050591553191;1,22486084715009;1,54543104720822;1,37230011346066;1,40330211752375
"29";1,18566379894969;1,29989204387429;1,46166039184746;1,86875000461288;1,25075607391219;1,29664401693629;1,22389697701569;1,30717898374857;1,03802744944653;1,71668222967498;1,38083190393934;1,09733411491647;1,47512069630672;1,26383909937764;1,65309134582339;1,32270442719504;1,11326505263337;1,43078533467268;1,22920529052268;1,58273197361167;0,708055982501016;1,44325705319571;1,32409067913875;1,94364595877011;1,55557675384721;1,62879222457044;1,86750250106877;1,25810708294684;1,49320451956771;1,1958521824826;0,947314429204209;1,58714752792545;1,09834783143545;0,908276368290417;1,44782181217197;0,8024527012865;1,22837117815418;1,90308088233387;1,76822687777085;1,04117716416933;1,38458696558925;1,2004608250028;1,16380481397801;1,8217850570663;1,51497674011252;1,08562995477631;1,36124106670565;1,03055328245702;1,02545038062047;1,03394210703462
"30";1,31921868230384;1,37424291705073;1,44024625532626;1,33615256556482;1,1476390462186;1,65500873106834;1,65714698163252;1,28418147390087;1,24296517548017;1,81804581510389;1,64164050074471;1,53380473936403;1,16068105483868;1,48452323069641;2,02080366717041;1,36792986707648;0,951530366834706;1,37206484797748;1,51875556483759;1,37015679299141;1,53061699461561;1,62757054016801;1,73785155627328;1,44699785231501;1,07650769909733;0,9227605084214;0,895926025422171;1,42801983448664;1,21284669139952;1,5044637351788;1,51860793471366;1,70663862130272;1,33364468878327;1,11814808134575;1,39963807448231;1,34169188891442;0,75183224060915;1,60955155499445;1,68257137732636;1,4084182176535;1,11856461202047;1,46146832844525;1,18563417160857;1,33784107321088;1,66110257922767;1,53647245501937;1,68133342128692;1,26814994675165;1,69142976143423;1,47826086182621
"31";1,19731456040405;0,924201499059047;1,69831968774657;1,69238664365935;1,52492688361976;1,38849703504878;1,49676430342999;1,36830009448765;1,23011256804258;1,16987978383301;1,68825898950077;1,58798247934511;1,28672090872817;1,59594992984351;1,57175627076414;1,1414157509494;1,7548783375486;1,27326635409699;1,03097266494035;1,79164418613608;0,991951576598228;1,51765296942677;1,10549601687075;1,06694214844111;1,49976059961968;1,29590737173878;1,49199605895587;1,51119287084417;1,36151270576876;1,17152106861264;1,3518645805237;1,34787661796499;0,877563970326378;0,954886420772944;1,12598151168223;1,31204489190724;1,25708106566238;1,17519156740908;1,45383104179801;1,40849374685773;1,30930456167266;0,712741236849941;0,973117507782503;1,74545940445697;1,18145129251239;1,38885023437436;1,50623950407408;1,59805690143996;1,56468454445938;1,28254929591429
"32";2,00433805856427;1,19258703645503;1,38411992388684;1,31892111631228;1,45047840568868;1,19480797310902;1,42122698230893;1,42359575942027;1,51521650846428;1,00389562929929;1,25594091535122;1,54198786139436;1,37459592534075;1,35703873048858;1,03002396535205;1,14113242522588;1,15976783321886;1,18191886006899;0,95853739381624;1,49311406447947;1,67998113180332;1,1110864616022;1,4693570480482;1,92761558332057;1,47995656949795;1,63169794705393;1,44609740467043;1,27031278595899;1,37971851555067;1,20346882369681;1,60248738641083;1,47728706161769;1,44128039987511;1,29129342714787;1,29858686601109;1,59688966256548;1,27296402035883;1,47465752019314;1,49344269045196;1,22927653158477;1,50244220315463;1,40712572996741;1,14889908552495;1,41045341861777;1,09235919343476;1,3582428064183;1,55296017448484;1,39868358559181;1,39816066626654;1,61505110240521
"33";2,02345105513021;1,00901830647535;1,70800635268631;0,995608843748408;1,15274321825568;0,932482610765072;1,49510359907623;1,40619297511006;1,48504308696324;1,35319700276935;1,60602787623933;1,14371140028151;1,5815063386871;1,5545927181949;1,2646134505048;1,23719683740306;1,45878811528102;1,46956465588137;1,58998407951602;1,31890297279762;1,21260217173982;1,27774580208142;1,48394248037683;1,27470467830435;1,68782589849455;1,52358642268944;1,1037348977391;1,4817319618561;1,62085341644287;1,80124289760929;1,0721342770012;1,59863357914532;1,73443997435033;1,07715935872781;1,58905055400584;1,72704251134651;1,32437797356107;1,1963496350154;1,21651225037796;1,49335543429802;1,32328037361337;1,4824389041185;1,45160104436508;1,40013871398408;1,1052260020354;1,07545282733352;1,15667971998491;1,66779634467678;1,26789342551417;1,30609801614073
"34";0,755651752010548;1,30652393195141;1,29921360537214;1,24242199239272;1,38638237836468;1,87044703170165;1,22561212987959;1,4095217887959;1,16059037113748;1,78424727766826;1,43878608481197;1,61586496025197;1,51707279757395;1,30986297551812;1,42676292275468;1,59084237721002;1,98795219125246;1,566747274267;1,1196370537089;1,14764228642877;1,22809662186743;1,52960738333428;1,55683952194918;1,05839643427501;1,71403683235062;1,30894954379872;1,40104814525486;1,3296556335789;1,64975217353029;1,31357631500159;1,41101879241792;1,5228722792913;1,57673741085078;1,54952594837833;1,36859108683595;1,47111442353338;1,53060760424031;1,65439755287646;1,77209658111474;1,24970088250216;1,40487639190911;1,30195408077466;1,29467127988274;1,40031575325565;1,01546677560553;1,13140149932159;1,33261387733046;1,6621262612323;1,58999192047204;1,45718415463687
"35";1,17274789607919;1,44727998956909;1,25710281893594;0,605176690947296;1,43138829184191;1,50864132577549;1,29088430365433;1,49506534630106;1,52516675321609;1,06812878440769;1,47772786931335;1,40992830933826;1,489080772322;0,926429528602487;1,41336322091787;1,05214008966808;1,52049385903076;1,09717639613549;1,30844510710922;0,905353028978803;1,32809351048096;1,20908890628583;1,0031994769272;1,29605271589715;0,830107702838836;1,52432406788918;1,70832045804272;1,10711207618639;1,45612108769893;1,56369861798665;1,37176449919225;1,02243087614893;1,19883123422947;1,4042044708347;1,426580660031;1,39298610963692;1,24656167446797;1,20611594755651;1,74359424712905;1,65032226702382;1,19784534015606;1,21016669530783;1,7374200608173;1,77411748014192;1,44503035671528;1,36292568525251;0,970196491796359;1,31930789372132;1,39293170329713;1,42368981433569
"36";1,32047976396637;1,51308610861042;1,44574246165423;0,925162208816193;1,31695805400542;1,5606138423837;1,53211791536294;1,4867450390408;1,17874673141861;1,52743609328937;1,50910006391776;1,49076014813236;1,67502362191278;1,20759431319229;1,68376037697371;1,43820276606983;1,30403449711801;1,19150476571624;1,1441464390149;1,47241929113507;1,5035536156709;1,79039473833421;1,32894958289889;1,28655464611498;1,62430185997174;1,69856938753564;1,26416288124974;1,43445619671468;1,56174478784992;1,12642073494568;1,13977759457871;1,47488091550257;1,48737260405217;1,59856566605832;1,30480537973486;1,26242342466579;1,80922751017975;1,71193888781226;0,739413973614514;1,29712312967811;1,14413184821782;1,55066969201088;1,12282820357964;1,4663017591932;1,36103000554733;0,85678402221379;1,67155142746702;1,24678298877761;1,06351665619529;1,30386102576921
"37";1,37599459494743;1,36906493921086;1,78580071346927;1,92013032363342;1,17153197075866;1,63854144760316;1,01442128302829;1,30762937805816;1,44391919206741;1,26569935780864;1,72712991530153;1,27563633213641;1,42430452010695;1,75220634100593;1,63482342244052;0,871758652175309;1,93016529334664;1,26531049069198;1,45650817740443;1,28687726548471;1,0044690538575;1,86940454931682;1,65667738068689;1,89067644732039;1,2692165516718;1,34819945003167;1,23349965017923;1,55926849789647;0,954138073032814;1,1428707918004;1,20871676374927;1,7643314900522;1,36852017599434;1,38777609999527;1,42841251783896;1,4455742294672;1,32183667523583;1,17846968793321;1,75515396050104;1,39670870165745;1,53973376056855;1,2638398889449;0,963074650402502;1,26467635065196;1,49683040194119;1,86027027270759;1,61402284661778;1,3068246373035;1,82650426909122;0,941991357400227
"38";1,51170993963712;1,12196864824713;1,68074702492921;1,05312127748955;1,53288801288521;1,35715340152231;1,26724883531518;1,52789720547845;1,34370340166066;1,45566524705007;1,7132098610238;1,17775753349667;1,59815380782356;1,02269699706592;0,97239851969072;1,48304662333369;1,13603090127291;1,66949815826631;1,67640186568517;1,38970804707332;0,817275762665809;1,19634240732919;1,4171676654958;1,29774271150483;1,61236119986249;1,13864842367336;0,975182856555886;0,939537009408219;1,71464615915215;1,20107285686622;1,17156177874629;1,40006494391906;1,29094853626145;1,56080654574542;1,53302331992788;1,40295558222216;1,25616565048393;0,908898297554699;0,653654786651904;1,39463489696181;1,23127516435677;1,11171246676407;1,25251469259644;1,54099486337296;1,31956129187766;1,26606239178013;0,963584017449614;1,49003380011046;0,8400665371853;1,46556905880367
"39";1,18062784821486;1,01773928955171;1,30067641817531;0,91849772270162;1,16850972802057;1,51673203025908;1,18924670311679;1,35460446793336;1,84425717141641;1,22145392246947;1,08020663318497;1,27573811710229;1,78275527752133;0,976745018944642;1,2953849269301;1,18672857776949;1,48687654788787;1,77871048235767;1,82872260915011;1,10168712839949;1,14465498257392;1,53663537800556;1,17376363449517;1,04196073908301;0,904789325093663;1,09733125950195;1,39384836638328;1,98760403568378;1,74277179955144;1,22394088432904;1,15629412444529;1,3184329543674;1,63529356641191;1,40767316145137;1,11516984664405;1,49100157896661;1,99969873369747;1,31953555525036;1,26188365207877;1,43195774184926;1,84125119359803;1,78169050804911;1,51571741950911;1,49835628475828;1,03485139541267;1,03330774108237;1,00312755196102;1,16547164161014;1,00173003183101;1,41003456140363
"40";1,32985208990491;0,954253671057311;1,26311837877133;1,41320080804893;1,55549094158888;1,4635222000916;1,53751646873989;0,988919599011177;1,20712459382769;0,848593405312123;1,49107359972178;1,2170399550833;1,30512296614702;1,20644841528384;1,70513771458774;1,51300724761217;1,430832090604;1,59875007553603;1,37402942532359;1,2774663833599;1,40734427693712;1,07704376169108;1,27249935385461;1,59033726866198;1,64561992741999;1,64058984994916;1,2146095591756;1,43847866187597;1,39934809548149;1,30668037039871;1,49340640675175;1,1469802854172;1,65377088077131;1,23810656366578;1,4654679469226;1,50946585269178;0,997363298955923;1,63138036473406;1,18881450875478;1,69423300512646;1,13237724110124;1,52514809836328;1,42737777637439;1,76320545846803;1,59008461014841;0,883199368340158;0,984083318609786;1,92650717921673;1,00071278675859;0,814004008175004
"41";1,14244066509584;1,77714028870363;0,800587731782673;1,26019489332117;0,892884497839501;1,77431167670267;1,62414599634084;1,22124625262644;1,24181913528594;1,33145676869363;1,39309621970841;1,61971326716257;1,74914258059543;1,87202718665015;1,63152946283009;1,1829274440279;1,4088301769689;1,56227750243235;1,32637599682707;1,44121363687716;1,48989408090496;1,39479559902223;1,32289296897651;0,908677291185433;1,4487240291458;1,28435019560301;1,3602117697897;1,43744071618766;1,09935218612333;1,07954455243218;1,55273800333072;1,3863420463531;1,42058917088811;1,44917980512443;1,22785609273986;1,18617412901458;1,12270578007515;1,43964385116819;1,71944659997008;1,3113084661379;1,01869910742129;1,11154908963775;1,75487999535162;1,31847383684506;1,35593560351903;1,22542543027073;1,16099470785551;1,15234299009527;0,917511592603573;1,1921383640389
"42";1,44547738321024;1,27120786017257;1,19112741773441;1,28477521593202;1,37193402929682;1,10165000152325;1,44299487014353;1,63623932936411;1,37166712662081;1,95576622930656;1,27582897793241;1,51506886276882;1,36852590577415;0,94007228029765;0,782636728731994;0,782401535407341;0,916453039136673;1,49972338984769;1,04874295446382;1,42347632025686;1,36998465277071;1,66926372850296;1,42435963946242;1,24080043231525;1,3379125543547;1,45293865796788;1,66306014981971;1,32496293240963;1,26790717509242;1,81615597385316;1,46427500554154;1,26306120994397;1,59644795415913;1,25773674215552;1,52265214402778;1,52351192933489;1,70780073642558;1,48243868086274;0,885942169528009;1,5596023886915;1,13513773164138;1,51041142912529;1,21375034565173;1,4757158820115;1,0703087939636;1,55436711661098;1,36216441989572;1,54176943296148;1,00015728411678;1,58948104730469
"43";1,50393639293096;0,754246622064372;1,14292293424064;1,37804744106074;1,76938869056944;1,61243930998814;1,4007063788142;1,34072816568864;1,53757076768466;1,49377830496113;1,49859495820742;1,64742281004087;1,3569958531885;1,65315405538626;1,49509528588344;1,42676784554406;1,28032875912188;1,50009916869298;1,66050702233634;1,43119820607671;1,60713095889549;1,77602252480922;1,23644988952525;1,75202316779079;1,22216488437038;1,37528161770648;1,24689118813038;1,24259628018597;1,70907120899964;1,06729342880331;1,66604422871123;1,71958771227155;1,32929597712634;1,408163251248;1,1400888595043;1,10973808114257;1,22891462446846;1,04435060145703;1,49864689096687;1,18117112117624;1,63203586705461;1,22130152985441;1,32972033124325;1,17317556510261;1,57238877599667;1,35614746237209;1,82065358668902;0,816610676567476;1,41003420502223;1,08421412860419
"44";1,10419483819317;1,23547996109375;1,62102484744665;1,13191059740046;1,60398905644497;1,47588454709299;0,94800407930257;1,01995877217169;1,58357760330327;1,58286939575431;1,31984904100446;1,4164192870834;1,48020068299841;1,63319948427572;1,23595857677272;1,51994720255503;1,23677484499253;1,40000840562438;1,57884401234881;1,49659483046066;1,02679877034301;1,58295086825481;1,78401395836358;1,86952734724513;1,08569018086169;1,10583286449222;1,27687736631045;0,941276878434006;1,30706122960662;1,64607278486148;0,889632638399806;1,5467933238791;1,02462021767391;1,58105290533876;1,65329164265006;1,1070361997878;1,54687364007534;1,13283585946282;1,53293164745843;1,50468434208378;1,62203867485827;1,4908203027315;1,09631020812343;1,68321900157135;1,73787974028475;1,6973245028763;1,03913676491677;1,61301484627494;1,59883429345329;1,26334941265679
"45";0,977784245387245;1,5413829211821;1,27617010850382;1,33001273614622;1,21370385233095;1,45075225662813;1,4453250628034;1,43926258604044;1,15491000410004;1,10809785645459;1,12624150335805;1,26062921543761;1,25911917906609;1,28703270749728;1,95079982777151;1,76847569314754;1,10016520369943;1,28773315699868;1,0898537028363;1,7435882196711;1,62498673177046;1,27147306875259;1,34784541993661;1,56840268930511;1,385132033675;0,917310583657923;1,58906956494015;1,55303889541883;1,17321684108144;1,44451575034287;1,68163634465663;1,04968250792181;1,30337431531391;1,46133954839406;1,12898753999838;0,95962053449886;0,953601486791014;1,41763200310177;0,749750461919494;1,43573009590617;1,10313191183289;1,58029457728477;1,48121359028387;1,16756017601327;1,30794120281463;0,667568566356639;1,50170150384677;1,47034336484571;1,13566101683463;1,25886742587211
"46";1,30155465061083;1,13997711776677;0,960508754246369;1,32226629630457;1,09239575606423;1,432970416206;1,43449605186521;1,99425627003946;1,57995394091336;1,75136782338799;1,65061986979612;1,28694968561691;1,49349675191248;1,51182797253007;1,0330183026105;1,41297939193744;1,41826421744914;1,38302177669049;1,46701160562378;1,04721788611861;1,35870266874839;1,15971056696865;1,31989050200223;1,10593665995162;1,49894099545305;1,12803299091322;1,13870207378099;1,78294346492257;1,30068041590363;1,33557534746503;1,50747336660987;1,47023740850063;1,86656026295776;1,03495870513226;1,67919392421475;1,57264213290236;1,2689062742572;1,55258913779187;1,45919599651454;1,49681037937648;0,995771101625155;1,47858327244339;1,21371095082022;1,02780651700223;1,01268831962357;1,46685142817884;1,22652893466944;1,63798262678407;1,65966164157537;1,57344500956861
"47";1,38762316898459;1,12154096743017;1,58878113629659;1,1456914360618;1,82323507434294;1,58354797696058;1,23598171771817;1,31071015295384;1,64346760160385;1,43027448645503;1,45158632051947;1,81974361643131;1,37110601984182;1,35400890253269;1,11347883022748;1,40970502555393;1,70230763423697;1,53731528885295;1,04337783101536;1,44863629919475;1,33403395971803;1,79174481560075;1,08902452147367;1,18147327706454;1,23701922023576;1,37950182736893;1,56433762317991;1,52800971165674;1,30083153180467;0,837229846166848;1,36984345977835;1,02636553357764;1,50375981104225;0,98556372740116;1,37053531235644;1,37327938359613;1,70379713228358;1,19473795224529;1,53015229187045;1,45302644842332;1,39354380983645;1,40848134163884;1,14186814513061;0,805562049857718;1,05171047280439;1,21306327443673;1,29753576880215;0,936036029115825;0,914819203553755;0,898950579827128
"48";1,73176752744111;1,47987686420823;1,23200970518951;1,57812004894304;1,48134927894606;1,13549194267944;1,26325478365553;1,28102198911422;1,45278276638591;1,39349286320895;1,13318440597878;1,72497501199746;1,48057034407668;1,42450374719515;1,30159337023333;0,93105759619377;1,32871012576737;1,34343672639303;1,38759105212404;1,13985243866029;0,986728997613985;1,73977871326768;1,48343333848415;0,929011260118315;1,2642636517774;1,52457808188588;1,50480127992429;1,55310560093838;1,67792240923785;1,03179457317462;1,59135153056241;1,48867871145069;1,74990390450088;1,13056492827316;1,62862174549368;1,45375954989432;1,22453458432091;1,61019896395671;1,27817122495013;0,952722498863913;1,36943038610405;0,935569635291039;1,63995822830922;1,27989620678313;1,13714835507792;1,02509850383988;1,22084011487741;1,40745979061126;1,51769876403179;1,39645933777331
"49";1,33080044198331;1,39100128323383;1,6900513835043;1,4825139005193;1,36259198109094;1,35997355089072;1,33796525051991;1,8653226349749;1,08133555079243;1,37045936988816;1,76009399645548;1,03094367374591;1,07798024020452;1,308414244993;1,34706646669892;1,33248031326665;1,27332152978118;1,87620224050785;1,42025207470304;1,06315545683366;1,39940236610193;1,51914343848224;0,950259007531979;1,61067073838906;1,02307532218144;1,59571347539781;1,55486992114488;1,53939187186304;1,50885990866772;1,0265358460354;1,33192951194623;1,23698685697297;0,959693137165002;1,18826401628854;1,42192316429896;1,55870104892888;1,34912024581032;1,28006376109283;1,44851242403437;1,5869226163747;1,3233173026562;1,73959468766044;1,66581506835973;1,08955746382453;1,17707463589257;1,27548348774942;0,985690434758143;1,67713579362156;1,65713410764401;1,02212858189726
"50";0,919379533363089;1,1451926226144;1,31412904604233;1,13155801998606;1,02780473183598;1,87415274165368;1,75469617624466;1,21832143748135;0,936973039488537;1,71418143185424;1,41490916675099;1,18428156460038;1,26587668670405;0,964314040434411;1,54677233160348;1,36493478786206;1,37461973239116;1,25487666658115;1,61881677593407;0,955090744620101;1,68647103711131;0,582272692044153;1,59953656512534;1,25381612734961;1,17622517710214;1,04800696243131;1,47614378138;1,42912437745191;0,786354643715662;0,783174568758522;1,17279186593944;1,5184221800283;1,61934275620668;1,13536585730771;0,932291544969593;1,66074514617012;1,05544610436704;1,7163008495918;1,11091668316338;1,65181505306719;1,65846868401983;1,87943380862368;1,62016807113971;1,09192254123676;1,25646019587763;1,41452135073469;1,71576579729183;1,51815955353946;1,7572446642469;1,11984799607387
"51";1,24676952710106;1,30016128520501;1,57872087503419;0,918794727279259;1,07274558253464;1,24035977282072;1,54261457945357;1,56720847956668;1,65660006515402;1,44826066195941;1,58590754842587;1,32501466421522;0,973298650034844;1,43298224276749;1,73644199531613;1,44300275193304;0,869930027575351;1,20215141719011;1,60581090274425;1,42888750455779;1,61476512211211;1,42581242895082;1,4021134128033;1,13033538821511;1,15879059960128;1,45034804954757;0,763283974179288;1,04574465661244;1,28453336957224;1,79041608433522;0,925677682801502;1,52537449811844;1,17869780617606;1,08275967031792;1,25294986148022;1,45243839026329;1,65111512805938;1,24029796029999;1,11513422483706;1,38166868906214;1,14037289582858;1,20355007119182;1,58974858986918;1,69019927572006;1,73525626498194;1,38253858146839;1,37695999284423;1,21667599445059;1,8070774281517;1,84418546820636
"52";1,43628641676157;0,971982688091029;1,80656981640965;1,05283168535266;1,25081464880199;1,2041023227576;0,770229123831769;1,355167552548;0,894954150878161;1,05590636425462;1,32684397739938;0,835484283529467;0,806188068509979;1,45173201468192;1,404735583093;1,41092999778199;2,03771097504963;1,33546272341541;1,10458421172957;1,45460752555959;1,14743000314816;0,962381182748536;1,09994592707572;1,28690006370734;1,58787552153256;1,43278294615009;1,420425300577;1,64824783156025;1,09539825050589;1,36603990161861;1,59328167865874;1,18916332922344;1,29441654564682;1,84871769230483;1,31276923674785;1,32520213365663;1,38391006885917;1,09818971901502;0,531670298308432;1,27035205472429;1,51472459032145;1,63066285941334;1,42400903476924;1,38893512270873;1,40233548216283;1,30132235514432;1,11725752335406;1,32744428990637;1,39791899905999;1,59356620322893
"53";1,40985904957497;1,62426527573324;1,41898026043666;1,48427828075765;0,817349786827612;1,29359174931668;1,56946787934877;1,0535683009077;1,49327137642418;1,53657483876397;1,69150996738813;1,14709160289223;1,5526518227534;0,982266523470957;1,24966081258968;1,1364594009285;1,30590676394191;1,50045883061694;1,08531093244648;1,32426566031929;1,43683265552984;1,57606247300589;1,26911167745527;1,61921583139427;1,51363739822885;1,10413568435921;1,41233386631384;1,75632418423831;1,47575653607755;0,967047471719459;1,94959125565553;1,42348897337963;0,909084278546417;1,26084673211081;1,04877246863502;1,70205916275964;1,69203933992404;1,46298505605847;1,15103038965187;0,949701298228104;1,72875525616638;1,33769507606324;1,2431248071766;1,09668643587335;1,07073061408803;1,66609195784842;1,35521011962445;1,10574599522017;0,997781206978509;1,6203239831355
"54";1,32316006995003;1,36196652691848;1,40424287376148;0,831145208571833;1,81294543219675;1,28260774264245;1,02317940515368;1,19615512840728;1,5667642741775;1,42162354759753;1,20726507633733;1,31421032061406;1,56264915419826;1,64765680021594;1,1321337114711;0,860171378484616;1,13683967873651;1,12474477268604;1,43373677546183;1,3313342739318;1,11382471491463;1,51654456806023;1,46817973773696;1,3281122712744;1,23558508403852;1,2680229667644;1,09481527018342;1,21259507172136;1,53423604681444;1,07926266544602;1,50444657247705;1,1929526740089;1,51249151842877;1,17790981706911;1,21952556760648;1,1255056139627;1,26447443051827;1,06357666250748;1,48279200053631;0,905544844035269;1,40508877011807;1,64482776565069;1,41681684316466;1,65599134350161;1,97541153127368;1,29740455382784;1,28824692214254;1,03636697527608;1,37719167103154;1,34438030522444
"55";1,58359118864887;1,44383127683173;0,620994337498602;1,39171837884237;1,34316306088579;1,30160255666429;1,44751655273256;1,38802472799875;1,33179904456444;1,64714669643967;1,38904394828604;1,39638651300078;1,47030316285825;1,32068946665372;1,47374236351705;1,28760428945186;1,24299962239541;1,3692030926135;1,58820327572863;1,2701368981894;1,17531320710204;1,33450775782577;0,945349142119761;1,68212506140857;1,06255802009777;1,19014524825049;0,790293589413183;1,23049218080511;1,62977681766828;1,01047409317692;0,945888000554008;1,14928025901158;1,46995709537846;1,10688246696747;1,4015826036262;1,64281445875465;1,47233848447476;1,4232892162402;1,30161165471233;1,67525217146402;1,4420126761089;1,13657122236937;1,35073260583653;1,66476628110246;1,43568769274759;1,49133298949211;1,11713136647522;1,30092285833469;1,1940816716161;1,37113345226757
"56";1,42609755843999;1,23642223444059;1,49853588188478;1,70807354407705;1,42138056776195;1,62518212476937;0,961215224634004;1,56519611585113;1,55485805841309;1,80464264561857;1,53425200892024;1,63420302644813;1,33311713441486;1,30629847419259;1,45183511148547;1,61829964856935;0,978226262198813;1,49897827185933;1,39264506331826;1,05623408207313;1,08311825334397;1,23089737780655;1,2770326831317;1,25160146998642;1,41850846634426;1,46103183622676;1,36055723965234;1,42346632997087;1,45912721090653;1,59611976381186;1,32483191998534;0,893194832663729;1,78559966120618;1,02957817138785;1,25495208126011;1,55388395892258;2,09962461294997;1,40773190698019;1,76680914937862;1,24668961367278;1,16588418389081;0,884348144015616;1,41406427659236;1,42660264215979;1,47903197524478;1,51992451361909;1,41945012369449;1,05435520867635;1,46080135314654;1,3398022989463
"57";1,02628475476136;1,31347962755808;1,03243284021616;1,54333700313419;1,17556648604898;0,880256096117117;1,34903327353183;1,41223040169217;1,6337529770389;1,02182749489902;1,31687818642255;1,48423384493268;1,41216191226289;1,57286702370007;1,7053828802531;1,33701689056142;1,47839770825811;1,94402422102408;1,35396639112926;1,30807895743106;1,12044333052966;1,45942241838913;1,34369342477488;1,35910033311428;1,85540393592169;1,38816018566571;1,26297666157066;1,08544560443362;1,05656495872703;0,899030125547619;0,789466883330634;1,54116502801067;1,41341236196701;1,11713722809616;1,41956947460662;1,18433193919324;1,37902535374511;1,37452501871637;1,08888484494198;1,29005655776784;1,31431526652592;1,20026537692195;1,22015573302938;1,70112468524141;1,81402474828849;1,69354531114758;1,61944340304104;1,66580635771109;0,781062780157955;1,8015798091894
"58";1,11163025858251;1,35746095061324;1,39487760574275;1,41309711759567;1,4579985361809;1,01263199366415;1,21528865669675;1,10839644315173;1,56566501078088;1,2402087267396;1,91722623125233;1,45208345315358;1,18523663591197;1,45539947126479;1,20561410877213;1,6611237544237;1,48748414788194;1,37725082895865;1,40372251523327;1,50474690645657;1,51280178957443;0,98230828482744;1,24032872140012;1,65929595005305;1,24787388649459;1,3853274445974;1,21401029851678;1,47473619499486;1,37664860214659;1,15414883160693;1,51036557753095;1,5809996343945;1,40357081817189;1,40213979894396;1,27249278847236;1,8242147820716;1,33623188896077;1,62415335463996;1,31434404861214;1,48159826650532;0,870711878634471;1,4191270772189;1,18689796857865;1,65062932794259;1,40206342439779;1,49139737794987;1,49736619895302;1,18428295703689;1,43409042642973;1,43717575991242
"59";1,13700607826591;1,61304960190676;1,14130556165632;0,774615501891779;1,40858300239294;1,61039312707637;1,45738287132743;1,118816774231;1,42754400410881;1,46730452453878;0,94007355154406;1,5310103839273;0,784964967999902;1,3358568262281;1,00839844390407;1,39984031892981;1,18642983965892;1,54461010710898;1,54055060171626;1,44155313616026;1,44814271087006;1,2317681022677;1,02194349265398;1,5197074745345;1,77143289213074;1,51074767278799;1,27452676371787;1,01375780652517;1,57803058581399;1,26300916498697;1,61636896753924;1,27109219804025;1,73845108828046;1,24051812167851;1,3890902085529;1,30759840701331;1,19951735620184;1,33422510278339;1,4067832146938;1,24141133758557;1,24666129066056;1,3665566531178;1,63205191342614;1,65801025447342;1,57887530312092;1,63842636508645;1,59812287757714;1,19993229604136;1,89661380565821;1,0117045567152
"60";1,55051432515275;1,69436481743519;1,70149881958134;1,89721670827838;1,52983505215003;1,16887462306556;0,817488993760242;1,71978414053992;0,908529168355475;0,906645138597663;1,5022651083552;1,68497346874272;1,37415372101368;1,66806662829501;1,09147637621342;1,68508342573279;1,3178255936697;1,05475928974797;1,5690088704798;1,40630466934308;1,61542253969128;1,14650973167207;1,26763620550146;1,17732650588365;1,18294916082966;1,51312890345282;1,5755182027165;1,5917555238419;1,92176519040916;1,27878564860978;1,37919357354707;1,15133228527102;1,56020713529028;1,4511262948132;1,38715552041549;1,28106086911179;1,61116614523495;1,77969604055431;1,48056898151132;1,24420903204286;1,24263555189151;1,15391349587603;1,36281934774194;1,61695927304319;1,88851367014936;1,60574805596985;1,49272371059193;1,56504058343251;1,51304998490296;1,68673023827875
"61";0,995477336898503;1,93586578520624;1,33126466600911;0,953390173055987;1,45824641500273;1,56359792530643;1,38998214251365;1,22721755515522;1,06284191683307;1,47782910069348;1,34640222319657;1,66278206702839;1,10432506418798;1,0180956439779;1,44902847213299;1,62171355473326;0,856723441211102;1,67636134806742;1,44245770399702;1,31461787179194;1,09768240245399;1,31367512324053;1,68289388044191;1,27811667765002;1,65605693125845;0,884422638613684;1,38922854526338;1,13010623415806;1,53707049142075;1,48787379661025;1,20489707921885;1,24924995777359;1,57671285037185;1,83737571864414;1,65025739302535;1,54263952051638;1,26132665389631;0,775562578947571;1,07779270323728;1,40015528136527;1,57492971176041;1,56947923918947;1,56826458466136;1,86084999000503;1,76099076865569;1,30664376728053;1,65272998710952;1,22521653973555;1,66879510715477;1,56076092171283
"62";1,22578000513075;0,971618513775221;0,820131712092712;1,17280683443971;1,80379846586899;1,12477369510229;1,37917258580764;1,46299289755152;1,37043340522037;1,25221681017166;1,09221935245708;1,19825611508427;1,46589620676374;1,75493032595134;1,54985122498197;1,2982631429815;1,17637844740994;1,2593773586055;1,25048471558263;1,25646727355672;1,40073412381801;1,17883164882496;1,52884298532961;1,23476537997966;1,7380124754355;1,57872450561424;1,63320227515336;1,20117006226617;0,954872471647639;1,24288879621921;1,82163785359102;1,24704986554971;1,41494099866221;1,24380520610095;1,30916291127979;1,29471922717535;1,46851249383757;1,4699190659044;1,43379544474565;1,60788477184741;1,64938336015265;1,18539432119946;1,26220886893883;1,12236067753595;1,11620255448385;1,46231267653194;1,3774547314139;0,964001894760584;1,54318832974998;0,935093214444305
"63";1,24008062673198;1,26597640719083;1,88750300420578;1,14903167457733;1,10387361439623;0,948941222969064;1,42597280331532;1,22939860247098;1,69340153666469;1,25213203873387;1,43203082809228;1,18274912668487;1,33274002838141;1,38841035756443;1,32981318172485;1,07986872042755;0,851453920656773;1,32124000531886;1,43558818504498;1,70179610646692;1,68386605713283;1,71223083611238;1,16980057517319;1,67594938796164;1,37449604257093;1,24742594598718;1,24969461378851;1,55007994594835;1,78578629363315;1,39598857886976;1,19508561872934;0,637552918400605;1,64908056537978;1,30916474674259;1,39317827074856;1,49551119899274;1,32146860700353;1,74109560097786;1,5367848595308;1,2021676077755;1,08827426692345;1,5910555753674;1,46123439978148;0,919926629111818;1,16134129025295;1,0881437976372;1,16369217365588;1,38144444573818;1,22543047037597;1,22104456926329
"64";1,37313882396236;0,779021279899807;1,18647165275334;1,23958183291962;1,26010627670697;1,45125109735527;1,56358711026366;1,5044498932623;1,25486710786897;0,854076068422383;1,32906904035034;1,13098583709928;1,27060177209554;1,48434425697112;1,28625453999786;0,974944738736449;1,12483916156756;1,5193519858839;1,47570285548264;1,91171766333155;1,0302289475603;1,50746807613186;1,09611285194111;1,07737072503136;1,47199150409709;1,2776719479943;1,25998515921989;1,43607756720905;1,42065526605447;1,20177955734074;1,66627169304262;1,79549721538812;1,5262707900434;1,39836144340379;0,982083192511138;1,0700472125913;1,32425401243524;1,33439255539928;1,21337779013725;1,49505001373733;1,21905952325439;1,21428012605639;1,21653609272532;1,36625594482529;1,65864224808722;1,28785536208933;1,54066166575866;1,45372331276999;1,24919292709595;1,60529756973007
"65";1,16289910678818;0,874671655605234;1,2182889114747;1,26946736189793;1,33266014893554;1,64296620263108;1,85665147277957;1,79456767419354;0,927749578700242;1,31885210807102;1,4927068006278;1,22297447103568;1,29515692644218;1,45381981808722;1,63787889411186;1,23980647369621;1,39749964938781;1,44282034135145;1,10798547733256;1,56738494929353;1,27124543243274;1,60702881726907;1,29244235619706;1,68807484522582;1,22164844967826;1,36161580874906;1,72633963156462;1,48551156108829;1,44188445396992;1,53273744207329;1,39146373584011;1,25150000354494;0,788113772655928;1,28656603592685;0,890236743645323;0,964080175340178;0,989301935291777;1,85811630523563;1,18064338690625;1,70588029876037;1,5290951888916;1,68770338369909;1,06957685984682;1,07419705290517;1,45809329070273;0,993482122615154;1,56805723871928;1,61544892589287;1,22846162026404;1,27677813483101
"66";1,74117292925415;1,22618049280844;1,51228776582792;1,4260979655732;1,59771785145192;1,49625524205565;1,49181343063478;1,48081334885012;1,3481759937317;1,31110702790233;1,1270982240653;0,949576348600582;1,41040767745922;1,38771432893322;1,42428142108467;1,44314223587184;1,58686053379126;1,45346975239162;1,44497933272605;1,42193216408888;1,3497326278386;1,34558122411702;1,2828522187161;1,52973074538485;0,956661756367716;1,41714520579801;1,2820076992679;1,01711675677946;1,20553472246214;1,45818226670977;1,97993600381182;1,33156813421419;0,97006571882306;1,60234048051811;1,37744494803779;1,56648937736644;1,53626973385833;1,4169042333775;1,39102778591003;1,81445765101105;1,59020797930494;0,965476923628975;1,52643527647277;1,18708885680916;1,66217149654994;1,5153293539589;1,21505764539337;1,05686815940165;1,85032271035653;1,4474467109741
"67";1,3318743869656;1,51774605434528;1,09124989840944;1,51518619096417;1,46866239253901;1,44019523174777;0,922657649852806;1,41659291722055;1,64694516345952;1,1972242611089;1,42697254052519;1,7710836826776;1,41977836717755;0,800276970922232;1,74322891092515;1,30477595519012;1,71691211240609;1,33893330579296;1,45025625558164;1,46818301317555;1,47568127252147;1,1617646389791;1,27113866219054;1,60311969803324;1,30200861919973;1,58307425185889;1,08010716474173;1,35518343317474;1,29898531271946;1,07673203241075;1,40133461049079;1,12359616768432;1,21703789554851;0,920557727638934;1,20121714046745;1,00624297048263;1,10828638782787;1,33312946311593;1,24279711954056;1,36202201185839;1,66914684932048;1,41309667437306;1,7186402905447;1,4558572480366;1,35528040816219;1,39238727013898;1,33222862417919;0,997965637181873;1,57945918466777;0,954705713318097
"68";1,51860411702102;1,64417347485202;0,999516602718009;1,57730576985902;1,4112727731506;1,76093745134098;1,25180874795534;1,22493257616678;1,26173856308077;1,57040061097454;1,49717348034078;1,46143637328219;1,26145047758021;1,18964699336396;1,16432256521992;1,65471388264406;1,36925406253257;1,39914749934909;1,02905100474554;1,27353630027761;0,383219378761752;1,61001648729082;1,07649448461119;1,10710331905034;1,77473146671729;1,01612195075457;1,35618844113414;1,56155319262517;1,42747300075164;1,74055462405932;1,33273845637517;1,20940534420983;1,37908168524866;1,25258232717488;1,55511993391733;1,64267532683095;1,35544456497106;1,33136702094049;1,78079313830702;1,68357927528603;1,40322542468653;1,09355408723565;1,577990602037;1,42271700434202;1,40406769996635;1,72275524463408;1,11533881440015;1,42906251456589;1,57077415920876;1,37843085842827
"69";1,4455664648748;1,25155666632488;1,76476522335753;1,18898328624436;1,26246008627395;1,55373957685204;1,14661033434301;1,58940342395658;1,19765800297074;1,60756925765901;1,4758261471681;0,602230395794557;1,8533152017561;1,19596245149306;1,75711077453053;1,54910171930241;1,5520841547029;1,50476084558425;1,44394044535858;1,57970739848955;1,46629732859533;1,33847799751574;1,58948483348121;1,01714544167299;1,56618612567672;1,31970562133128;1,55959860254888;1,20206217839566;1,5284831913285;1,43268181453719;1,55874760635607;1,41323131154683;1,41384872482855;1,53033125231179;1,23859142437937;1,32076754254854;1,08290288373742;1,2076216926592;1,32849417455903;1,05575776098616;1,26761681727392;1,84866025645678;1,7972291036323;1,01102051847315;1,72164050538963;1,48913805924709;1,31489743445124;1,54954805580259;1,30323436510713;1,56779014418189
"70";1,50887833082119;1,46250974364167;1,21035859450204;1,58869895012481;1,30526399323961;1,62585487838811;1,33118402168872;1,55391482929204;1,29620422112451;1,47098973625189;1,45097621539183;1,34859259190577;1,36194500337414;1,34664726963257;1,50316817431367;1,60804590659177;1,74505655833774;1,56969462572549;1,49419552320043;1,48158780458579;1,48299612486801;1,49800125913299;0,959155930159058;1,37709572395703;1,40395052168946;1,31762633050131;0,663723646122676;0,858850486062878;1,37356285563761;1,2694705596817;1,24960561025877;0,898999543781154;1,32424382043969;1,50130593593615;1,50881729416988;1,3218980309767;1,28439328645137;1,34573321280938;1,41789647931769;1,45458922787944;1,762795360552;1,47778839137999;1,08226411219404;1,18917426775026;1,69556606611131;1,12095850097759;1,41916050848838;1,1718841829979;1,37264653867776;1,15789114403356
"71";1,42535874661987;1,05754526668176;1,10810152897205;1,48513016234994;1,67610535990832;1,12308163441973;1,24190161778567;1,40078140481694;1,81642794889105;1,4096121737212;1,45128906160623;1,3190114045263;1,07095414105354;1,04545858715292;1,57199550995539;0,993928866079858;1,12304369282117;1,35077454572456;1,7099244661128;1,35130480840988;1,53682389016276;1,54500600887521;1,344125018329;1,28449246652651;1,02789986942297;1,08317868764699;1,29448854089423;1,54227863831377;1,4029130887049;1,24561342153766;1,35924590236992;1,42796892757441;1,49348975964197;1,75500695040678;1,00762881519969;1,31909814775447;1,49405034182187;1,49661711752253;1,4913364522287;1,11214199307832;1,37670239471072;1,31747452792188;1,09063148735563;1,60960961538222;1,67249196118664;0,952366058457919;1,26047897110927;1,37717112993097;1,19990212980217;0,964114916550793
"72";1,48951835873732;1,4578760780776;1,42419365050977;1,30968189355049;1,62769666974476;1,44180639136461;1,28632058767243;1,03084193214309;1,31767141592017;1,31418166935907;1,5581574054504;1,5840648903644;1,38629403619867;1,13332566554505;1,62287161510446;1,13691759216452;1,50410637665639;1,13211301023821;1,70123082896809;1,31593811236194;1,62815704317731;1,17464479278994;1,3544818350595;1,41295043038038;1,09039333806456;1,50762664301016;1,66862939303517;1,22039744726114;1,28775897951358;1,46018519628011;1,66757157377603;1,39937535886013;1,38314945273006;1,29581228547561;1,49322988902857;1,28907190695611;1,8471908618009;1,09624607825427;0,875562501290436;1,52947740350666;1,28854017786052;1,43571119250662;0,595902098225514;1,2971335500244;1,66092410623261;1,73103912101468;1,21974873156672;1,47362719300253;1,04953753442807;1,00226478041784
"73";1,21349597443715;1,15528191963643;1,13558311800767;1,18808312305386;1,710881485725;1,39154053648194;1,71715258732399;1,68605422794044;1,05811238965772;1,36586079859694;1,21684008618051;1,22380982746476;1,05260744608014;1,2922044578658;0,96427590233781;1,86697890712786;1,38364605646412;1,44648562427921;1,6268061967692;0,982719333895904;1,13360692207985;1,45063244290209;1,16088142855027;1,79391085239855;1,41071096671076;1,49689217608055;1,086562870983;1,12660138766463;1,34286992477177;0,942761098650165;1,08910599250752;1,54526865340046;1,37831280645939;1,7344472688706;0,917241855310612;1,08916543523057;1,35350250970727;1,21756818219742;1,62121865525127;1,17096192766429;1,62791099877668;2,03243457463788;1,56323044911456;1,32287019300994;1,58331399482716;1,65576428837236;1,69496726006702;1,21165880970478;1,32726503767772;1,71093608683309
"74";1,38051567971096;1,01095510484219;1,04211184476655;1,59534100752979;1,27752538541402;0,819687546672682;1,76879548359927;1,12791059302945;1,42911827524113;1,49603010002332;0,903601882416392;1,33117436393796;1,13035412663249;1,50560315776704;1,48020606025141;1,34014163867552;1,03145231078754;1,561401284209;1,70748162482572;1,2309764680826;1,30805906538893;1,64592614037462;1,39107732192316;1,34399643684778;1,51149145919043;1,5371287215368;1,40203829490018;1,36874769353545;1,36204916871921;1,91311816737926;1,35589903628656;0,927188102939208;1,14224993518109;1,1728680519169;1,30667449557205;1,52476918711393;1,0744746462811;1,21009992583411;1,30247087054197;1,42477809859789;1,42737978119313;1,65087136884675;1,38238693639336;1,60158300055674;1,51312071932993;0,96955794384565;1,18891568639455;1,76533388264613;1,5021547593517;1,92860195525453
"75";1,56549558735403;1,25883769827735;1,58767847625519;1,27340767295225;1,58261833024652;1,02283398962672;1,27140990382225;1,62020310957623;1,18956546987952;1,41001419723903;1,37487615209822;1,76914578706457;1,26585012249822;1,67511944788724;1,38035818208663;1,57724170559404;1,00187686294216;1,85455133906711;1,12863067656039;1,13122540224985;1,68539240714769;1,56506696517081;1,53833652555607;1,68120788362736;1,01311310458415;1,7799545180366;1,59455280431802;1,32006202352145;1,20230734476348;1,71749212282243;1,15906351466431;1,18486551391647;1,49882095231231;1,42264175713183;1,65831117618253;1,34862840314773;1,08613297421385;1,31587408557642;1,13806790559974;1,68576264946041;1,17829140369772;1,2207634534454;0,957137464367936;0,943007202645464;0,977220747228006;1,29288860084831;1,25656739573222;1,67443975675298;0,978659338007823;0,948566426994661
"76";1,60159934443397;1,81372110444432;1,61881796137199;1,57151160951679;1,00447075934567;1,29448969220172;1,24724354466411;1,24130617142993;1,36869886416346;1,14204220166504;1,06983831506773;1,13324136859784;1,27888158628671;1,43918915459933;1,31689316318336;1,29644515700063;1,48084968670905;1,42659107051594;1,46411237272813;1,43200061397508;1,30690926209662;1,47782061475124;1,45242186109081;0,864495837000135;1,28057305319627;1,11728983462934;1,47927205424768;1,2336713087898;1,13886588687748;1,12945870552276;1,39197331174675;1,64672907758511;1,30815191918361;0,771051555582498;1,50778109267267;1,30444357103401;1,22610747330338;1,14337202321706;1,09470189339878;0,881131967256522;1,11286189903184;1,51040772741288;1,54128042205696;1,27010462969833;1,19227898986562;1,35958112010348;0,967971436822799;1,15971148232622;1,37803923685046;1,23716345842019
"77";1,57245861487094;1,36608728449402;1,92110404939512;1,5606066435754;1,74161851078907;1,09751714678222;1,76730453833903;1,74057243970871;1,21552739396208;1,25138239818368;1,06841551825912;1,21426361171763;1,71062629172049;1,33664740582137;1,08723558782492;1,10986126903835;1,1397685999541;1,39640932499604;1,62661121242249;0,684662632179262;1,54661610463891;1,7592458891078;1,56744042247039;1,54458885643858;1,67864471317929;1,71468087742756;1,04676495898703;1,09620199448905;1,54616368664943;1,40131943012362;1,77014220039174;0,783689854923566;1,04095661633567;1,43409065017348;1,11631352981047;1,19289230110267;1,59865457307227;1,46001838078335;1,33043013582001;1,25614604953527;1,28327931453663;1,55186484741976;0,885679269918773;1,18921346644172;1,55479640195151;1,2826292312187;1,49000629805335;1,39080658515372;0,933502556332886;1,26968613025017
"78";1,67851617094096;1,19045719980734;1,32468880911328;1,64602255921539;1,3624551402359;0,959620731805089;1,5165491334806;1,53324167970214;1,27046154220019;1,43224206918395;1,24079056223669;1,32639455181112;1,38597146989415;1,63046401170098;1,1988304329754;1,75366057204685;1,81047216890374;0,763046970504503;1,36029726289251;1,35341511386941;1,24003577173554;1,22534289314079;1,61302811423753;1,7946512783832;1,4951583205419;1,4874665274192;1,7513640919101;1,33020367938714;1,81206036341254;1,72689925256526;1,76654521661058;1,13393753369068;0,918498606542089;1,19388243737793;1,15578235301162;1,40233214037008;1,21237188761683;1,43174536653621;1,5821719756559;1,54048856353223;1,52358800710293;1,50653021892143;1,21288873040906;1,43825438611501;1,66369177062437;1,42516997575151;1,39504328374252;1,31920679261214;1,41040119747409;1,56199825478039
"79";1,35405565728027;1,3766188191028;0,715738594772005;1,1804179113584;1,39316254973644;1,63532014893818;1,24468452738792;1,43121520555925;1,50886330453279;1,21696559473296;0,884717509343223;1,29836489102115;1,4854451052134;1,1512544522477;1,86755079605024;1,78290663562237;1,64613063581989;1,35340346679106;1,10840284433075;0,799244526310772;1,40246306296549;1,07274571994215;1,04856713908556;1,52684673031822;1,79772385635201;1,85677348579674;1,83910081160723;1,37820377029543;1,11678385749501;1,39633007146251;0,863205206024222;1,16022312224957;1,27985840610867;1,12791290878326;1,72762305563688;1,58403440641003;1,38778233113673;1,52141501198259;1,24273439850428;1,59073455140871;1,66827105867829;1,50640638422248;1,30009697564083;1,2724746610259;1,4222381759847;1,59462303956932;1,81334279752244;1,28616463664466;1,56858738906174;1,49426340301149
"80";1,45229936073372;1,5098601484368;1,89531428220574;0,99272084441068;1,56154002323126;1,36641922809486;1,52414803793953;1,93998352901104;0,952095785294164;1,37595396941439;1,80510212494688;1,46581216919378;1,39846208844725;1,23698048939014;0,939241309753543;1,21111226932293;1,03902690353825;1,27132831872114;1,47597979529156;1,16271915365917;1,63346584274477;1,15778511721072;1,81668302605816;1,24448756671362;1,62968168203703;1,54938465327869;1,7547702466088;1,99074794493504;1,75422823135708;1,68133978097542;1,4096521895431;1,42221704546025;1,56322657008216;1,19799505459036;1,36221201488244;1,22754471919309;1,23984914255598;0,725435670502306;1,40503717465538;1,57248022641348;1,41922017998136;1,4697098794206;1,23967330316404;1,50766611635459;1,35750245717241;1,1993346517945;0,943180885134639;1,43354183646731;1,04823899606528;1,31614089452776
"81";1,11128617888075;1,11644884222927;1,22436388508045;1,23321798062252;1,66999727794363;1,38403867854406;1,47706329060697;1,52608882271992;1,16277197996597;1,70980347735101;0,988089093760156;1,17823654979858;1,62839756960157;1,60072939039679;1,25354628952743;1,33327768117246;1,65319202538609;1,76222384865971;0,524047411223501;1,0836349428409;1,20543814424074;1,03060331302526;1,71888700849933;1,79395083965691;1,4476180795513;1,67955013921898;1,55553060931978;0,866860684985168;1,32256997395348;1,60607094597723;1,59442283347216;1,57108476801199;0,949374195923844;1,35436800155348;1,32704155020223;1,32254333329204;1,52096590762634;1,50148123872532;1,65937771910542;1,39605883034705;1,41303757993044;1,32521269898774;1,37706784667735;1,07329868403863;1,04655517609203;1,59241581788384;1,3177100098793;1,50556818316598;1,53811936484082;1,53332860568137
"82";1,2714830151845;1,43258341316422;1,06309747532885;1,28061931936554;1,51604056422695;1,50242476005341;0,985678031304422;1,75624361742856;1,31247959498096;1,63263169126809;1,10954556599442;1,05041743768192;0,933269554366955;1,47005783322711;1,0712196148606;1,26635437190619;1,3493430983936;1,24579711127683;1,51995450704571;1,48854465582734;1,13491655705852;1,3018895837882;1,15972597603463;1,36129445903498;1,58010086709908;1,72012591030748;1,44265159457449;1,79519382504681;1,25178733650598;1,25772890331349;1,57114491120271;1,68728563050188;1,5489757957776;1,39991620759195;1,0014273555125;1,48345449006852;1,38550223260259;1,30860647857307;1,00533193656306;1,56903415864954;1,33454747969758;1,04368578126701;1,75860736324263;1,53642070700316;1,41749186845401;1,4137936863066;1,44369962229785;1,38568150747374;1,23118587863305;1,32012616338738
"83";1,21068881928787;1,25429877187132;1,49178531494881;1,40299912916764;1,78629466080439;1,65891053326665;1,35116268326902;0,644725157078013;1,68892879134485;1,3266270252917;1,22393373645556;0,76480263001789;1,74818901356032;1,06486448261574;1,21662329532054;1,3335486549899;1,42949693026509;1,12853793368031;1,37237857438509;1,51534614072531;1,21412710648246;1,55338596672211;1,0442037152515;1,52759371658778;1,30526771224706;0,937681433780533;1,40796487344103;1,43645751475446;1,67131432550349;1,4806636055082;1,28856558455242;1,56646169550693;1,22062436827494;1,28796624372128;1,08913310185158;1,45899198259155;1,13429949462549;1,21728048217264;1,46294681260619;1,44239304840935;1,44099117857478;1,19343509760409;1,16120174688972;1,47516016851594;1,41523293044103;1,36165818271304;1,17446213354544;1,57919620414568;1,19632598677483;1,68943985309962
"84";1,0874573118494;1,52751522392813;1,04812661673522;0,982534932379819;1,27656799067997;0,994048980644665;1,37232358600917;1,50433916131138;1,39356740759581;1,25832387912276;1,32181045550228;1,14181130727518;1,42204114865035;0,960178273624855;1,3321452354038;1,19866827065122;1,39031995112227;1,03588398751678;1,40969070011347;1,55666745199938;1,15285197495747;1,32688465439605;1,30782733859503;1,49080721848263;1,37013014924399;1,48811199286029;1,28411775400225;1,43492590770425;1,39653036327361;1,70029034961246;1,76657163618543;1,5757595727802;1,67741170417283;1,43710736823381;0,741874092419138;1,65853398771062;1,58185270113937;0,954903660920456;0,992405509067286;1,41655765650182;0,819341054397476;1,48612474544149;1,12887591898396;1,5050312125656;0,979294785207472;1,29337603368412;1,41210552180785;1,12621732900483;1,29836796159499;1,42388784182276
"85";0,919150333074482;1,49419959571383;1,56394672205682;1,37925434241575;1,63291155205919;1,4570114685844;1,6123005095946;0,884080391407083;1,37514189493693;1,70396876269214;1,04585228849235;0,681052656117204;1,35714785684347;1,54662648584141;1,48958784506638;1,51091889391069;1,42144586348072;0,93031534314597;1,69308035991193;0,915804823897155;1,26666807002596;1,10566860908398;1,1198658434157;1,40670578545016;1,04134382649189;1,17050662266382;0,986253369420063;1,25202578007399;1,34770766875184;1,26620537171334;1,56482970639398;0,735563531704406;1,67625933197588;0,725372879232447;0,707888345826044;0,979385819789671;0,959586480306658;1,1685446897334;1,27645568174491;1,00674985870005;1,69503118473219;1,66291393025944;1,35635363219266;1,50165775291345;0,953929387378559;1,49053026584524;1,47886155482391;1,16252143186763;1,3851777330252;1,85024346351647
"86";1,56923165945651;0,998939643275494;1,07582527702802;1,19373499200529;1,35430965113238;1,84176927073179;1,35583911318021;1,70694070769586;1,31253625945164;0,988213824196472;1,2885056314111;1,79369977822703;1,07698132707439;1,68211311834527;1,57431428467637;1,30385603864459;1,47240293671155;1,35510174550738;0,799726436492525;1,14939885196816;0,807017315551781;1,47059194591206;1,56463251626783;1,22019447886711;1,75474179824176;1,5838241634915;1,3963406329787;1,33926828200005;0,841426510424686;1,51614400272417;1,19559917928246;0,706757064796034;1,59384820826162;0,997433108131309;1,63342504893756;1,33025553346653;1,40045195789601;1,25068169040651;1,59847221358698;1,55967223553271;1,02874955520604;1,57892428162062;1,29307702026212;1,20041440754017;1,18779166087923;1,49465582254878;1,56128466017146;1,08153680132915;1,47619029929633;1,74232448458542
"87";1,02132784128834;1,21937013469817;1,00361759203227;1,14666012406979;1,31825864237675;1,41317714989195;1,87042555788889;1,19630427696847;1,12279400673116;1,3535907110459;1,25190983344155;1,57375018893655;1,72778586443929;1,46896747734817;1,5044609374966;1,36318408825218;1,73510776209443;1,46725929407624;1,25066217154758;1,62656932422259;1,37408399092539;1,41456778879283;1,81196214075129;1,19172068687092;1,56598547032512;1,35994944387418;1,47339569409195;1,4769643245782;1,24725108037207;1,38144663493468;0,904398365517068;1,4077379392673;1,44706208532884;1,36606239940671;0,938482771019683;1,39074423145705;1,59274785182226;1,3741790173032;1,67554266041226;1,61288734634554;0,996311524308266;1,43908419010749;1,66679391021902;1,28012374861269;1,35499998577065;1,4910208762751;1,43958783853008;0,895800023663951;1,33383090859804;0,816254242540951
"88";1,35226550635026;1,21876712530389;1,60201998869228;1,66765854737313;1,10737114887786;1,66662153146645;1,3329798278646;1,44540002721286;1,48356948168442;1,46397173779671;1,30502624086705;1,32720159041983;1,39122908619214;1,73886493166841;1,65207605171644;1,8743777436522;1,13429802168614;1,23740205105393;1,22649962865261;0,958080098385413;1,32292625353374;1,81762531009536;1,22464201661318;0,90801510677923;1,50814443101559;1,29268649721343;1,30533114995542;1,6289741608101;1,51273942591128;1,5306253261708;1,40301642169019;1,65562180895271;1,27554938140139;1,60507220256774;1,43922669499154;0,946568742296064;1,1461967741346;0,985619272207444;1,12579896088431;1,33737972575836;1,2044162093;1,43229942113493;1,19900362067217;1,6253668717194;1,16662006826823;1,194421018397;1,43673667563969;1,30778968943543;1,49251161790724;1,68116777480262
"89";1,66138977779395;1,46586372254397;1,62254603034991;1,39839510641976;0,957907984924094;1,00054550161572;1,12643763027186;1,36465505450994;1,03045455716911;1,35518263887657;1,3856731156346;1,17515115566562;1,42524804417414;1,16464336327954;1,56352396001143;1,24166506658133;1,67677786140731;1,58494381093883;1,33207806195014;1,34932911803215;1,06405165769485;1,5248905915662;1,3732306359213;1,47225735856378;1,68927178259235;1,33332767733788;1,61406155933255;1,25259696381804;1,53675541596348;1,60538469235065;1,43677463330752;1,3245298940205;1,62839620190507;1,71866403695485;0,828254589849073;1,7689049811186;1,19378522569694;1,29254085672166;1,01927640470052;1,47633848259307;1,39298855882867;1,55043977799733;1,01509215351144;1,07800887093605;1,60544278660621;1,44781844900117;1,62831668513726;2,02201066518583;1,6192917802758;1,551517666881
"90";1,36098409398545;1,14301531018789;1,09105006851034;1,13784205353882;1,58511447714633;1,37835018407492;1,29337746164096;1,46984279941853;1,41978421720859;0,94880448032267;1,28036829349406;1,15930781601625;1,568921683986;1,37523923575667;1,18899203786356;1,60856864845323;1,35785297021698;1,3528758475642;1,48704608866873;0,90870060492878;1,25922065035127;1,43983340746789;1,10163344956575;1,31817236490662;1,60665318954119;1,63946706004185;1,19312456211917;1,16370762952091;1,23139626122222;1,51984052551199;1,21318351974146;1,07602277917887;1,42739100191956;0,716529118646462;1,64413472017616;1,19607294454714;1,23433088718407;1,38970533349632;1,53639863669775;1,05086384338394;0,628816435361447;1,17917944138445;1,64585121768171;1,44942444158905;1,33493877398496;1,12173077295998;1,15077736186964;1,34353413740352;1,54473661582384;1,11176893583822
"91";1,83573710869443;1,29868696038603;1,24861538695517;1,04620763667162;1,01675436341721;1,25342948431154;1,47016227444111;0,739905555735303;1,1423765692709;1,07330574762568;1,26560873623751;1,32831216977813;0,983150444571222;1,22577167850829;1,37732408039543;1,87575923256106;1,69769608995816;1,41809898531712;1,31264334985372;1,49545667298156;1,26975028008721;1,05733636769599;1,35418633505919;1,63109652334577;1,45292534165902;1,7922707149579;1,3310116176068;1,2063901140593;1,63065618542091;1,06094147009725;1,63384552383278;1,23255610555435;1,35361586618446;1,63964070348926;1,08203627744085;1,04966800550592;1,19146201766377;1,4985510123228;1,13438976800216;1,10043174061337;1,55608517775326;1,58427968266914;1,37926117307371;1,89714016972245;1,57782810903519;1,16865048583015;1,02552927679368;1,53169168719546;1,29826679157863;1,2928666740109
"92";1,11663833359378;1,43179250891002;1,26255618869333;1,36409480664137;1,23512374546265;1,25329887796945;1,46667670724849;1,03508271494673;1,75214150090723;1,43749340861713;0,917710564361949;1,31616689005855;1,35072368612186;1,35198740383589;1,40796387857441;1,43870719472503;1,36276440113135;1,40476753190491;0,884511789667011;1,49007718773614;1,3910323082397;1,08265177921234;1,12116289517701;0,940667696156142;0,865476268303413;1,42806312268265;1,22383047146207;1,19723416481727;1,60729150404775;1,32289415182644;1,45481201750576;1,41938001744849;1,27367944452499;1,48532982638238;1,04426198724789;1,14096536751474;1,62699263306844;1,32322215634977;1,15645623002498;1,57804446633292;1,61685160180765;1,84157629805328;1,39472669070461;1,20711358143459;1,34996720693183;1,16943734283648;1,29460491068366;1,27749000197243;1,0423356908766;1,30831156681234
"93";1,12792600838524;1,00557872080411;1,57598037072784;1,56521035747289;1,21269311775852;1,74265962340634;1,70621316415749;1,35715658920785;1,11712476739007;1,00330039825359;1,35292972758235;1,12475094941069;0,942266494044895;1,40916795983292;1,42355105921409;1,39349249005733;1,2234902258677;1,20447053746263;1,39887937885203;1,32607005948016;1,58103925571506;1,54527718277422;1,66366199379415;1,01447250735627;1,6987329381276;1,7801747308737;1,21711646140762;1,44496126139347;1,29555511916536;1,61644783775499;1,37060727101915;1,12720293482417;1,38994755641397;1,02657754121251;1,43701718841803;0,907761614100311;1,42261497599839;1,48318420560386;1,29209855330131;0,872794056681208;1,09542515983702;1,29651369999841;0,915514209953259;1,37585066047549;1,14554475410248;1,19578804113398;1,23163356920051;1,57201701989971;1,48493932910112;1,45864126504333
"94";1,53816135955897;1,1440091808839;1,16064848318365;1,08312121580854;1,4349647757846;1,36509154101093;1,05712850517246;1,60070600114292;1,40663643087897;1,52032992578874;1,35504332832641;1,17883772187093;1,19802224618112;1,17585141017299;1,4054695702636;1,30297907867319;1,41124583923605;1,26707910579663;1,20882268676495;1,79098413603074;1,31064911286383;1,04882955466697;1,26025544170085;1,1379277266316;1,38138818411475;1,55493871431467;1,59923900057891;1,58226865929379;1,81624808442717;1,34077155372421;1,2053872228882;1,25342082761252;1,54707789932346;1,52127692068824;1,21634570462137;1,56508658413627;1,11801868735374;1,43477840859528;0,99347008537383;1,04200164867854;1,38962710466565;1,16927009113385;1,19973567179184;1,06452508049451;1,38301093732442;1,8453681928198;1,50966750192414;0,863162625460813;1,47358486214696;1,30374037588675
"95";1,35933951491623;1,47961432650111;1,19029172705539;1,00375324918217;1,30010370865728;0,750034877823653;1,35514037738885;0,993693837528781;1,75200342833337;1,3039282719208;1,28046511695347;1,72116831154177;1,32953911690401;0,978404448513239;1,49102127921562;1,43700248116571;1,12673300159624;1,407153480673;1,37369827779471;1,531376654747;2,00032327212918;1,81709584188529;1,54415033748804;1,32920791326375;0,932111575064722;1,73851146565829;1,45395087045585;0,844103255890845;1,3700622577866;1,12784852091664;1,22520337029236;1,23318142206494;1,23563701188734;1,48328968424853;1,22042518693677;1,58324996493741;1,12775460265873;1,09237154444735;1,88336111117519;1,217855979638;1,36804994548692;1,46789265927724;1,36537136391118;1,11088519084437;1,74070996198702;1,35439589915498;1,50686784912903;1,6788951882391;1,26274722150095;1,39400974332985
"96";1,05698781328841;1,91774845388059;1,1499313079059;1,24193223419707;1,67334709659304;1,47843637876703;1,84751918110496;1,19859271672412;1,35482393307132;1,21124643677705;1,31421456595455;1,14771188273259;1,391764934486;1,67526946254253;1,37920263404343;1,67701242203196;1,70771199242361;1,47844141168025;1,48784893510301;1,82149489481944;1,25421259059167;1,54357917233714;1,02445857236811;1,22270867305562;1,13350485705207;1,00860880079348;1,90160905377581;1,46447344414902;1,46443149395941;0,908513651300628;1,58073879895148;0,960633739463653;1,48982152886197;1,51884511027795;1,56432632586705;1,34025794759957;1,23911096567452;1,35206691945169;1,57384654635875;1,28571491698704;0,909008882199023;1,13122021682276;1,40486298881172;1,25710250428378;1,38212508491293;1,1294631593652;1,24589922506204;1,06542274825094;1,28146345073979;1,6866195183895
"97";1,43554512895974;0,788806670313183;1,39792626482085;1,55338149256887;1,38942347103642;1,25592852366636;1,38223073873031;1,05480367469137;1,39097737429418;1,65878641922149;0,881407514598899;0,898305091522843;1,37141841827979;1,7141872457323;1,16469910934954;1,52294401921194;1,57569093306284;1,00392140902682;1,68186278450507;1,10286601333809;1,46286041572035;1,75189294577081;1,23500028482994;1,2338578847364;1,91950571185286;1,09021756034614;1,55658296759583;1,27189955386803;1,42334703598415;1,37619827759459;1,05170412395441;1,25700903930433;1,01099557097059;1,73315941481704;1,45130715488464;1,18016220350876;1,04458177632317;1,54625975048367;1,44822002015448;1,01049890551702;0,856354058734495;0,860476206655955;1,56003080381519;1,62058489664573;1,7885851038346;1,21219201684991;1,65913229682624;1,24568343255836;1,24113445967218;1,51430475992721
"98";1,30732068523332;1,65729237846315;1,24226048120164;1,3046258156104;1,26199402461417;1,52223943397511;1,28309709265707;1,2006601263803;1,47790694089737;0,993217721169362;1,38101946064911;1,44885547918365;1,24482568954874;0,847055536368031;1,15408472094267;1,6815303614269;1,46795277975938;1,64643684756881;1,28373863915971;1,4179784375527;1,01030565358498;1,20765370743509;0,912123044225067;1,44428383787813;0,846661783412178;2,19191535305253;1,27794491890512;2,05710749588735;1,65992580632227;1,63516141105313;1,47917973300862;1,63428539727084;1,46549053376019;1,5091698818967;1,42576818982884;1,51618733098612;0,950667330420338;1,54203495620964;1,40699979626528;1,44105468199621;1,39592420916544;1,36644509610217;1,51182220255108;1,82947827200969;1,17349014676278;0,961517275653638;1,03762541198499;1,24931113296659;0,7469857859738;1,87232092245911
"99";1,30049103191278;0,912656174827707;1,71298728444777;1,5742275172738;1,27732116908897;1,38763587892188;1,38825929544596;1,11017207287226;1,33187484881106;1,70255615646703;1,3963825934197;1,53301354424723;1,18810858886456;1,17339377414591;1,27932692136491;1,20761372207451;1,51005170153674;1,36333435683928;1,39794601038267;1,08273935881317;1,11871247794644;1,27550836972871;1,27732029926818;1,51272413798817;1,89081787612134;1,53210218122016;1,89725714659709;1,4300334684573;0,894524074744985;1,31993811077999;1,52609858835176;1,64757805714083;1,30604261460521;1,8636235645794;1,17411915531488;1,61201983737928;1,32445480578739;1,73939109389005;1,35558780515809;1,51130571496564;0,780785323109887;1,10530539964006;1,02388904132678;1,38553336959773;1,52938358744114;1,21039482784463;0,991349455646145;1,30187842823816;1,26577042863266;1,60003710861395
"100";1,63216234818267;1,52522739240265;1,47290627403748;1,57103171307333;1,16487078641017;1,10236186661231;1,57160125252098;1,24741406280005;1,42635438109813;1,2335310957424;1,34781893059524;1,59777749503555;1,45535536148791;1,19920209650755;1,50226951070638;1,34066058477647;0,846702204080334;1,96807562192461;1,29539326623092;1,80579571267041;1,80531988660118;1,34567982081707;1,28351935736885;1,3458670882467;1,36028894648291;0,626470622601074;1,83078739586966;1,34583310554312;1,45009304734219;1,63903289258891;0,951134330698561;1,18967706268038;0,93124754023253;1,34347593307254;1,2737752243764;1,68902656223765;1,0630484079462;1,25192627564215;1,57121452214981;1,01753810465777;1,37995313348875;0,973851085402257;1,34249461763995;1,416444013801;1,40761484314634;1,57607350092226;1,03900544679572;1,63475905352873;1,29028085429213;1,53406264317686
