"";"MLEe";"MLEe";"MLEe";"MLEe";"MLEe";"MLEe";"MLEe";"MLEe";"MLEe";"MLEe";"MLEe";"MLEe";"MLEe";"MLEe";"MLEe";"MLEe";"MLEe";"MLEe";"MLEe";"MLEe";"MLEe";"MLEe";"MLEe";"MLEe";"MLEe";"MLEe";"MLEe";"MLEe";"MLEe";"MLEe";"MLEe";"MLEe";"MLEe";"MLEe";"MLEe";"MLEe";"MLEe";"MLEe";"MLEe";"MLEe";"MLEe";"MLEe";"MLEe";"MLEe";"MLEe";"MLEe";"MLEe";"MLEe";"MLEe";"MLEe"
"1";1,45423260361502;1,32685225382174;1,95631097164458;2,38548866757431;1,0497632585278;0,532727575245655;0,63052939559824;0,969885886345963;0,490861826865865;-0,113898149087184;1,08093349767291;1,76964895438452;0,0566046210786739;1,06345318623208;2,71586951344429;0,0714630328406152;1,95739028883616;1,49333982911421;0,688067899474035;0,321490503328929;1,68469030978727;2,575705857395;1,46188048033721;1,48822496153948;1,32315349138348;-0,00360416063967861;0,685884692426722;-0,0767523802404835;2,59302068446226;1,22067583006289;1,4766530382411;0,105668096656965;1,28745242315415;1,0005456620332;0,859536591103102;0,981729055434763;1,4049135333617;1,37875887176969;1,05041878879975;0,317109919562399;1,21326007274866;1,60976207826084;0,781647956431385;0,704459785581122;0,589022600273911;1,26929509280519;1,7726241833076;0,935912850351637;2,40384196743156;0,929426757567553
"2";1,4616895335825;1,63472952413924;1,97357829151029;1,58348460101505;1,61810919152779;1,82073755754361;1,93240868864589;-0,987512644017138;1,01321778730482;1,74341414713535;2,06007504390657;2,06609217262162;-0,266289203310391;-0,464032149868147;0,805857216119342;1,162320153672;2,84874242716195;1,95052051600053;2,24276774372428;0,510279815880879;1,24279780791847;1,25741479410602;1,2037705273411;0,548055395552359;1,17715450934538;0,980991171223097;1,72467546844025;1,21643095223078;0,636360360043577;2,91381307000837;0,0547684756268083;-0,392852952089303;1,84604633465839;1,03199508386162;1,14470065998754;1,22722713327757;2,25411291846509;2,71741095917452;0,74241981756875;0,601432929970116;1,73353081207013;1,1983377841201;-0,909214038248161;1,65468545554167;0,769310320405467;0,669575968150964;1,78514675933168;1,32834018206903;1,55233620034211;0,80102147580968
"3";1,59143693777718;1,19397231424762;0,869387260357437;0,299332807705289;2,38450881604441;1,45818843852461;1,32950429324855;2,35603095424902;1,3803554126646;1,73960591473211;1,11014477788032;-0,27527841488027;1,38804953060948;3,27011184078747;1,12685908969225;0,260695881330724;0,605329471608181;1,04071189019484;1,35771364021428;1,6747077197698;0,387125711040565;0,379658034590717;0,926474158607206;1,605454380233;1,83413230582894;1,67215977099708;0,923702725960382;1,77849897324981;0,798688024056172;1,73364365485991;2,64909352599556;1,34247093876112;0,968579064922986;0,996183011276194;2,08748628733279;1,01793343381187;1,10401750057777;1,29909247457684;1,93982730388061;1,36329769390304;2,26458068298512;-0,137618287551767;1,42658494689913;0,920035080840849;1,90542470756173;1,20632656600268;2,04221056662097;1,8477241393214;0,290026637518814;1,64158993481506
"4";0,775656548918921;1,78700674521332;1,42891257904732;1,95022956665304;0,966879940700204;0,0646223160915715;1,81296833781869;1,99797762050681;1,13806847680639;-0,86528839826661;0,864998067162074;1,21626898819619;1,57016549569194;1,15904186984757;-0,948602660837081;0,830618329282542;1,52961004596545;0,015984946066534;2,76302554140998;1,94515888251522;0,624315027760917;1,66750526550409;0,709553032471761;0,00739802270301393;0,129851600967763;1,0709285174915;1,34195421395232;1,29191575866526;0,729013997453469;1,73441786689184;0,159930287743581;1,64761168057187;0,91848633057562;1,49005464466503;0,987731869541302;1,88362595338368;0,560845421976572;1,4051171039027;1,24140850911871;1,40673130209883;1,32651565062993;1,34128153730523;1,5999665913586;2,00430013127867;2,07416045346232;-0,0265983162536694;2,03165715133763;1,20768442628467;0,959309874455676;1,5947848633703
"5";-0,0585721638662964;1,29792458771323;1,83016688830569;1,8179826597131;0,121150629628773;1,5717060734366;0,64131781443602;1,30727649895176;1,20440553900136;1,42073249496224;1,39902619418907;0,974544134600404;1,28892141258676;-0,185416700301786;0,888024740617988;1,27237865304267;1,46486553563227;2,08517349251863;0,518351914421272;1,02919365983207;2,05887865926422;1,83197079906746;1,44571497025708;1,13296111374194;0,800376955765122;1,52332516809396;1,09061094345006;1,82293266725507;0,365558483427225;2,52455761182366;2,98265957838604;1,80623136871123;0,36554898102677;0,742313035002267;0,502955817936244;2,23314060254569;2,02851821144104;1,35373192732366;1,31529627727951;2,31198812128854;1,6646533202351;-0,0353464278971272;2,20571746258496;1,49818838908908;0,595686534168197;0,659741149011496;1,32109934658111;0,189950440896552;1,06685089471535;0,572828143898897
"6";1,56638449110188;1,68362937781165;2,08215208677912;1,45667179669484;1,95188001477102;1,93166299361095;1,26320998145676;0,713464646902734;0,956287080882144;1,54241195027248;0,676330593137793;1,66084026063092;1,24412275656674;-0,581133991905809;1,7791471184767;0,0700938088840584;0,35322097990209;1,65214300871233;0,201392992189895;-0,29520058983253;1,33925301344013;1,22031125209068;2,11062633785943;1,07881064893893;-0,688401725324475;1,41551753971027;1,36885936623964;1,66419249460465;0,832497109563819;1,29731750039837;-0,103404125716225;0,619829460207702;1,93453159374839;1,07875751333132;0,388938844824477;2,65706916183651;1,55049650222596;0,00454278694890409;1,29042063909584;0,256106225335083;0,166786277266207;0,799138847189718;1,42910957061602;1,75374596611812;1,57115831498656;0,593846879469186;1,70445960277803;1,46949282231161;1,13421520748833;-0,0658309971164783
"7";2,18270833101634;2,38368864006422;2,82262747118955;1,39812195852468;1,72366243589018;1,50714435144647;0,683799526395982;0,461324437656151;1,26269329642233;1,02044936749071;1,4626469164762;0,508309520617304;1,7122277347413;1,00578909934662;-0,512859095552935;0,480772064435899;1,72973473510916;1,78852393778931;0,958609028154391;1,51450111691059;0,769277712620505;1,66089558622478;1,02104516259377;2,15948906681735;1,3575934818956;2,34527416319496;0,922943354910896;0,903571648516785;0,939289112031413;1,49681588003666;0,0340052567285163;1,32502439630621;0,952857831337816;1,50065020446167;1,70755306112058;1,44662847639017;2,12420431980907;0,617188103246606;1,39352601888856;1,41278360506042;1,54926341766522;2,21124497527392;0,938838166134613;1,30825253020349;0,726440014505748;1,36540630888415;1,74157480387405;0,870805870262138;0,11495386524067;1,14842517502341
"8";0,730107747393425;0,43083555600489;0,61297617163806;2,42830219015172;2,04180958774088;1,28184153978822;1,58042733497839;0,853032217374752;2,02175220404738;0,0236824652767247;1,45857542253914;1,37961955382345;1,90642581776092;-0,825322267224863;0,887779972789677;1,78637893336072;1,96602075315194;1,87910192425657;0,577319967354157;2,41904963881758;1,59309029836857;1,81034552479774;2,03547638361965;-0,524994783024054;1,01463848083628;1,18175274687974;0,800376965989078;1,49192010638913;1,43339787594222;3,12165471831922;0,624206209937966;1,32462781837264;1,33599475186682;1,22635320517661;0,932623277461156;1,37397020546273;0,969132340663333;-0,742644402383102;-0,0168872645870159;1,80188742861342;0,907289298092275;1,15853525699201;2,04492749599824;0,749721874792828;2,45769681620619;1,53097908392898;1,33970642739594;-0,298005044965029;1,33748834288877;2,2239763927802
"9";0,655945059064696;1,40684028098302;1,60918600430351;1,97989780232989;1,61398128514707;1,0053472146922;1,34683508079498;1,03721951401436;0,940303867346246;-0,325261566761746;1,13689215009633;1,51145354487725;1,26066441530445;1,0255025854399;0,991831153320143;1,22080143695977;1,3050482141144;1,31529482509238;1,27322710391236;1,16633901146854;1,64808714057516;0,138436258130184;-0,632279780175317;1,53875550627137;0,462605894783534;1,17472984920207;0,108360859467305;-0,51508510134432;1,20262750063675;1,27734757937911;0,614266680792353;0,791047885349591;1,40383029506542;1,63111733928627;1,21613762754694;0,695968893882859;0,932232307738878;1,67931753956463;0,892785891328488;-0,0438072501239422;1,03982469819363;1,09340338155888;0,935924092150863;1,47252663313807;0,878375310758772;1,48748145119118;2,18199178742064;1,08325157252492;1,83433275100487;1,50793124380311
"10";1,01849209817309;1,5452786567156;-0,38773728529318;0,543965572715561;1,06019453026117;-0,00376805216552334;1,27702603211094;1,1755263926962;-0,0247231107426851;1,20415253416092;0,406733935070623;0,830384321491585;0,685656742093452;1,13310987928609;0,710076744830241;0,545907894431342;1,42185612426749;1,60416704658713;0,831400426738934;1,6450866827948;0,482230641552067;1,30936847942823;1,80048857193204;2,24442425357545;0,580631854724347;1,40395013775123;1,36606872763226;0,335093598537484;0,0216926594031257;0,300023018570434;0,559970419654669;0,574555156870738;1,10481034897247;1,17324721556147;0,959088119832869;0,938947471124589;-0,0382794699962208;0,964264956001304;1,75575335735348;1,60901966856987;1,17901535799076;-0,89609922915846;0,671682590814672;-0,327842779004282;1,16861880988747;1,29089616167231;0,539720692544765;2,27371879104324;1,374958866094;1,18567668285187
"11";1,37725863533681;-0,353043423456322;2,06325370057337;1,59379936079784;1,65654046833497;0,429651965768901;0,634636382134262;-0,164980427485084;0,42827629472649;1,12775697044944;1,07350146932;0,711062839768148;0,199607706987669;1,72235134040625;1,08480144268177;2,40049788160427;0,469265163629225;0,270480007280643;0,325851191207339;1,78704202964623;0,999418917755796;1,36867338229474;0,389280023742642;0,271129430856699;0,951337275582377;1,74242569926745;1,05528796753277;0,582113040287298;0,253032688588754;1,3660845300161;0,245399965313258;1,40690392922434;2,00443445489214;1,63280199310612;-1,34808664704385;0,945704979779442;1,74164252998663;1,07813980931549;1,60438843636583;1,10129909292002;2,0742534266101;0,975580706719789;1,09383505869134;0,671489950766179;1,27826328680904;2,79149563296467;1,62038977542204;0,409434403724692;1,58727433410301;1,6301669555493
"12";0,0475653374373168;1,1246891609082;1,02643852749419;2,07462046640626;0,410559379258936;0,735499819595045;0,0256700709677764;1,29824188457744;1,44326183651024;1,54097208923713;3,08918702260368;1,67659887951707;-0,0292238103552318;1,73636131349102;-0,848430101613801;1,52162511769519;0,779518767009695;2,17945322598264;1,32711379950534;0,960256062732617;1,76369137897659;-0,296470192292636;0,928200739584291;1,43944444841362;2,26184044597819;1,34151646218047;1,27124358077154;0,626192498874915;2,25670893121328;1,88016307184021;-0,568013893238692;1,15027918941695;2,70215918251312;1,09433437688488;1,39279143630001;1,65733639873085;1,31553598826668;1,56134603125366;-0,194188125755;1,43771147383596;1,55730329630957;1,05828263739692;0,374051645519309;0,39851070577368;1,95662559352531;0,528677689956344;-0,407463409941326;0,887494279511762;0,373753695872895;1,67614176528165
"13";1,76527679455549;1,58541138189462;0,807024367269504;0,435004811482799;1,63324820271599;1,11154994312394;1,55998721609291;1,28152359159523;0,936356252225949;-0,0291017924687331;1,72684807108254;2,45097597379756;0,247445027629372;1,03444780423758;-0,628517420489485;1,49921478489741;2,06395907956614;1,44603218014339;0,939623683411753;1,01980814344098;2,53721691199976;0,194930907805754;1,6110803436348;1,24359703952806;0,728338539831165;-0,281011455305415;0,922492876057508;1,53750477503657;2,58119150314835;1,60621343672229;0,764533028087132;1,54105506784372;1,00662903502694;1,64094850598502;0,109530464768078;-0,0617832314031324;1,30166358468075;1,42669737859953;1,6027336072437;0,892610394067013;1,9343758811528;1,47383573101674;1,24477702976851;1,78371532444069;0,954218748448035;1,34810958559544;1,48496331725786;2,47142631035172;2,02352939544356;-0,725166886125601
"14";2,02059101058543;1,47411940527421;0,282625295677688;2,01825231612365;0,819435685903697;1,02013324511697;1,04445845639625;0,818565286736399;0,702889091283557;1,23222782653904;0,996199995584113;1,3110326405105;1,83352376218352;0,831413307813962;0,56463597932145;1,47267378049761;0,0734733254934747;1,02601319861875;0,488536637280458;0,314208120280867;0,0780775399009226;0,910318840646859;1,13404889400119;1,86197484181172;0,132021731984552;1,54138258616921;0,40726303271979;2,3657749994932;0,554669475913459;2,40585903393446;1,23625561260868;1,73276325354076;0,668378240699279;1,53562958471624;1,41268274867701;1,44557996313464;0,374889804603137;2,32311734052673;1,43804032256967;-0,141511877328433;1,41244036436189;1,57989031554569;2,23263966010026;1,18472537321279;0,278860405130871;0,969447764625578;1,42719182227741;3,59860005112282;1,1937793016755;1,36050370201955
"15";1,61042595539254;0,572753899702491;0,668156525300692;1,44917238716384;1,40888744804032;0,527856755404514;-0,125206507648232;1,14529382883829;0,657109997329554;1,00869077785003;1,3488112239777;1,33546868884612;1,80040629517039;1,16868409809901;0,528284663844124;2,27665982853379;1,09904389395214;0,545424487229553;-0,102496095639654;1,23711026051344;1,03734792194908;0,589373101128771;1,08857683433628;0,925870111416623;1,15159991162082;-0,533180571065397;1,53237809892482;1,11768759952568;1,30316505698485;1,42737251457135;0,832396078393705;1,30613206151496;0,18293305330275;1,24086360367829;1,28904302470331;1,86567367208255;1,3187103007042;0,338007749696986;2,1263176052791;0,892081214329804;1,95706810014716;1,41588068274877;-0,337497149765048;-0,763861385798132;1,44240146544154;1,36054442889237;1,59825936207235;1,25902307084963;-0,0624026640724047;1,03144003646039
"16";1,25874553265445;1,91269720615888;0,665311514540448;-0,682059739785319;1,42231474779608;1,29221318471786;1,32740740175469;0,838732362875556;0,33487931723665;0,804183554415641;1,93345877596473;1,20902266645751;1,19088481290008;0,786933991090122;1,36256753005036;2,57223584339425;1,35675873495376;1,14040868148278;0,254605976466507;1,43703849903947;1,55523688449705;1,68232170332268;0,805390482013859;1,53784414385247;0,416784959176666;1,99833815194177;1,55333650296398;0,184823311195537;1,98604298646884;2,15321318014455;0,563110142476918;1,58485541442543;2,02463214648179;1,69555122740685;2,66253013278595;0,170876952704078;1,26845017503285;2,20035618844603;3,29050171980794;1,36221301684049;0,889009463781401;1,5573134449761;1,28827149762169;1,46622214861034;1,92633254136937;0,123390214911265;3,02253480852466;1,52022715188078;1,28217565447111;0,61401141368217
"17";2,35546114562007;1,42863051386117;1,23376794747062;0,82506816075258;1,7162006521546;0,482032560447959;0,600291375057094;0,958068289309756;1,99340777016174;1,17510215149152;1,76087948587428;2,5525977500746;1,03009073354464;2,03779279998913;1,29349576423687;0,74353098950303;1,82166515716779;1,43319234838394;1,18142621934699;1,05418825328141;1,96143395435528;1,41420852698136;1,64625868790329;0,296705963616967;0,338809805422033;2,08042898665352;2,05499016000272;1,01820179888963;1,01238731893379;0,786096082717709;1,64412873655767;0,860533371791811;1,34962850917061;2,17224118003549;1,38550685505139;1,71008039804116;2,19951410015973;0,705905143448488;1,12853623007542;3,57151736289756;-0,949281423636758;1,03220637936711;0,696791531182219;1,62673335572969;0,956404343016866;1,37443026304361;2,14979792006346;0,308846195218511;1,3719780407441;1,61665267571974
"18";1,4470489023304;1,43413221616938;-0,426995789234455;1,03741401400282;1,53250457509132;1,04250648352728;0,943117389355944;-0,18424742841777;-0,493581376496937;1,2441864579226;1,15813548817229;1,11450410745985;-0,189565508533879;2,8465645895243;2,06662181602062;1,385522736644;0,963990150868748;1,13479935645851;-0,872359293925733;0,3684819558479;1,48185160239338;2,16557437301396;1,24119612836206;0,710606097580785;1,27384288973405;1,4191590061382;1,73302928973689;0,836078106448707;1,61800427648268;1,36691881492796;0,404483069141115;-0,0396863776885814;1,57151487314421;-0,212184967183454;1,82964372781394;1,46770269038521;1,24840864305779;0,525717737633235;1,5738572635677;1,89222303965843;1,3858853400143;1,32575973241121;1,95970291679544;1,75108570431935;1,41672435201826;2,07117307684679;-0,352328288163696;1,49195539060171;1,50088361423883;1,00626005359704
"19";1,74903583765445;1,09268777908592;1,9035316800456;2,84851597773088;-0,0609438357642009;1,48547140105123;1,23202986932945;1,68487537276533;0,914737317058704;1,47682298523165;0,0813233162597766;1,8803163929394;0,0760725937915092;2,76587123639748;1,02258944884367;1,50857063274777;1,00906609173171;2,17330272625241;1,23342365032523;0,730899745833808;0,722671155504461;1,68809385717755;0,853331135784511;1,47761185871611;-0,830910800444885;-0,0170665164964019;1,9463532045534;-0,701277381244768;1,71318038482273;1,06013114701825;3,03085733959417;-0,266097869431037;1,96151346332962;1,76922763982233;-0,646425339420135;1,41723213910136;1,31102154955165;0,903792765735562;1,57971543432707;0,585422084643981;0,822333657583806;1,23577790839474;0,638968390690819;2,59150444989916;1,57662861026542;0,985124449225645;1,80795851180933;1,92051754922731;1,51666921630615;1,17703176729312
"20";2,37442577906971;2,20416063971242;2,70249499136873;-0,229125394963663;0,970410433448285;0,817963271564612;0,958166202813893;1,14772932124034;0,487300088268968;1,36721039742935;1,25057103600208;0,0321635590588141;0,862564014087588;0,498784349297509;0,720797444326122;1,01466853610569;0,674151981906393;-0,874783047804089;2,42400967921762;1,22881170949137;0,0524566143968395;0,648884718382432;1,36167944356625;1,57451958419045;2,51007150019752;1,06020696985838;1,30045935808887;1,01756428569332;0,575106667591858;1,41243474303514;1,89726368816107;0,186984718102561;1,9434122750626;-0,0312240515481177;1,16303435631104;1,46455554713912;0,692937769744381;1,2167417765635;1,8073176152971;1,2522318308868;2,98443119485884;2,13066955249585;0,65083460157742;1,44341442644728;1,34936664413956;1,18490841967813;1,33935406474992;2,3860818973455;0,577616239805119;0,636939870357557
"21";0,963288889741301;1,56035771377683;2,70037065182495;0,531406647786955;2,6905293779416;0,38842341803428;0,934216266358362;0,972897525155064;2,43065619599323;0,459375128331462;1,06759197830865;0,898126389993823;1,88456508562756;1,57003140000228;1,06690898041784;0,578360910014602;0,985721888460784;1,01724517500982;-0,900348685348495;1,49458367882514;1,12485162672168;0,490112400093131;-0,636902817226398;2,07038384931614;0,910210834003853;2,32556046396874;1,63340874574738;1,68028227061029;1,12926063867357;1,53259285508789;2,07532443528833;1,79708454342311;1,56989629874831;1,02989023250117;1,10373791512011;1,40146398458908;2,39186449582499;0,492195521496903;1,34022770760315;1,2382108574631;1,3473478977452;1,03733604382708;1,21956297689171;1,8833864654566;1,5854295372276;1,55775665121895;0,852230266709086;0,428426299839459;1,23260729795277;1,22350635894841
"22";1,20912712273729;1,3468760049895;1,15858950952915;1,69462263472746;1,61095370577588;1,63060279633346;0,464790145339475;0,915882042642281;-1,73998714457197;1,34685838001705;1,87827485019541;2,26880654420549;0,874743139448058;1,33510533099012;1,08504806282006;1,40666304223705;1,79866627709973;0,566921109970261;0,945434353196438;1,046733537238;2,13635314292167;0,256082181170766;1,75167362193861;1,1671834299575;-1,69927934252402;0,192553314832542;0,862522734014161;0,391775974319014;-0,394012976452881;2,25123179190453;1,56406380436372;1,44242875471673;0,669079964600964;1,07340295770127;1,41764691124405;0,661401154687269;1,56373546380123;1,26905226034871;1,47751935856002;1,30730548834849;0,904758621905451;1,24195620942305;1,70335744405175;0,237445045001218;1,58898395799726;0,90674845230552;1,35117460858939;-0,433379976722565;0,713290942169187;2,15353397361045
"23";1,84955707365211;1,90728695790794;0,754342574740598;1,38463178198858;2,16809600972476;2,71759282394223;0,574765223536911;1,60442683727949;0,811789458392434;1,16755662299598;0,471045070773909;1,49570871659306;0,291226913760434;1,84881214663265;1,720482723216;1,14539230281189;0,142111222225167;0,30097956855656;-0,109589587144223;0,531488825981485;1,13459968884944;0,720036850733304;2,5146723103574;2,50653738948037;-0,0297069236214171;1,75705510427915;1,68202408204022;1,84964588250684;1,88121974786937;1,60839075292537;1,07932776770508;0,780826098082052;1,31006857410353;2,64233314250741;0,789048842172385;0,819528404176892;0,445911664139206;0,682916158589655;1,70758373224009;1,48703675832006;1,58651301723664;0,487994682193884;0,942085744256223;0,911186387452485;0,96623446910693;0,967110795268063;1,88844384426777;1,49671798109229;1,9442931364201;0,987875796463349
"24";1,35718604388819;0,057783131616282;1,44053120099837;1,07437669880106;0,730307056878485;1,25087587473487;1,06918852389474;1,78612617700275;0,938475765205994;0,296048946305157;0,605459206104394;1,19451376963296;0,458080901229246;0,583778564508708;1,41062171923019;1,86666483033463;0,917888245079941;1,11785748883709;0,964164818844871;1,1158112314961;0,752067609123295;1,5266531318179;0,934912876333396;0,609063926585936;1,49670348215725;1,52288924966642;3,02567979307291;1,15158264878118;1,48561918961944;1,57879773179022;1,48846198874754;1,96120576358922;0,363811227603639;1,35736143527998;0,914866812926649;1,44415547462272;1,92428626550194;1,48518506670859;2,50554768031681;2,09780843936438;1,09968826987608;1,17647983834004;1,79791487715432;1,27374056673232;1,67701722588733;1,51932728315382;1,125574764725;2,34285205005341;0,936669648705516;0,813015775381385
"25";1,37766095087359;1,67067062966369;2,76425400343916;1,89631742831113;-0,457342844447981;1,1540237709704;0,701168864009166;0,746015929720818;0,776369898905796;1,55353405066113;1,81361494582718;1,31257324146657;1,17842964511234;0,0030766314877364;1,15018152588157;1,78714396009482;2,19428705124805;2,26324773053312;0,771398937747506;0,847331364172809;1,48547767607381;1,67899805301958;0,642871701644205;2,26515483658427;0,457923884874084;0,622993541976241;2,1697537362474;1,51366320342568;1,48044650263824;1,6390990756319;1,44590700197925;0,927726678381336;0,0550645199780577;1,58124051081657;1,38703975888552;1,7827262203068;1,23867565354488;0,833657717708541;1,2435894134358;1,58861450423565;1,20729291778012;1,36181786804837;1,0750501115132;0,164851485254998;2,39473754808951;1,04092603021024;1,61651781680248;1,70367521274404;0,475587918877336;1,52786646466895
"26";0,573092563296812;1,06116710497271;-0,141870826207803;1,06801244673375;1,60890384489897;0,991726666091427;1,67734646069366;1,75319885758226;-0,0482289929516773;1,27663060841165;1,10569870560821;1,89684348318858;1,9266556174215;1,32282403955412;1,34340653627082;1,10080049989158;1,48391532037993;1,35170442789063;1,57246479019447;1,65300140210495;0,737421633715292;1,2014575056524;0,707401119366427;2,4745894558563;1,02764552998391;1,66802921747164;1,72466059806981;1,57171638471652;2,00572801427556;1,41792039907501;1,78671718062699;1,72252587137394;1,77798952830846;0,834986051788896;2,78643678411608;0,142506991801694;-0,0129067253223809;1,3498008269298;0,747474283042721;3,09918303803786;0,981078402414205;1,17305601830559;0,488893554708126;1,61861993012804;1,24943182620358;0,470727727963355;0,950221130623137;0,831926025867028;1,56107615369128;1,42531469055044
"27";0,521639738923149;0,302732115825719;1,38056671098906;1,69987201757991;1,29568088240992;2,249921029369;0,452818360073537;1,65823326748453;1,67403526647665;0,405000979290094;1,0960026906493;1,54721730542008;1,63919636291781;-0,765102093324811;0,794853767141221;0,476695212881666;0,83755603875612;1,17620515620519;1,1822168808376;0,707815412903985;0,927669651310758;1,29887506407992;1,21531898990211;1,30396533260713;1,86941913948277;1,7777897613848;1,12377353394439;-0,892471608413879;1,36769334052198;1,18953407111617;1,2213159858668;2,15797082593891;1,42056858687609;2,11110021615898;1,60939051651162;0,519205093353402;1,16955859514711;-0,810096941601016;0,100764805897259;0,905236581594277;0,944411765472167;1,40845113791097;0,231026403062377;0,68165810862909;1,27621387384958;1,55333604626237;0,329207875924102;1,56240156402405;-1,66449407949714;2,0972403410503
"28";0,464611714157424;1,27062441824179;1,29663878944028;0,198865368579087;2,84783589090602;-0,0514152861879258;0,575602202470294;-0,053575230627362;2,53853713589328;0,410166495719173;1,78362106517689;0,396895663688594;0,0642267703751749;0,555963344610677;1,23752508064584;2,14712511069263;1,51451177720944;0,773523368706187;-0,512293626093541;1,43007448498507;1,13789581353511;1,8384088691475;1,08029352347246;1,39546901665946;0,211888234113065;1,98466563973343;1,89371302233239;1,40919605060244;1,83293913147859;1,72274980244387;-0,289354907945905;2,12089143793165;2,04493906322612;0,248720770443816;2,09227097646506;1,27954848312205;1,79969245766056;1,26485161998502;2,01067054390799;1,00433694443024;0,207302295428367;1,38121543998633;0,854801079059456;1,47381150862009;1,24574713429222;1,16748685796202;0,884329519768661;0,940388151220792;1,19608407735684;1,52180658813125
"29";0,394591610440121;1,71147926294295;1,28356535341085;1,46947907469698;0,307202334323046;0,760865666132443;1,06749682580556;0,860221882099054;2,08923069655969;1,07117113919128;1,22320166003479;3,06353238120771;0,954810863264807;0,614959032465172;1,65743003882636;1,886789514965;0,406695391767879;1,44447958548799;1,79691906767071;0,212997930319478;0,121689426635956;1,36306072151568;1,578046792844;2,26623053618726;0,917058923061083;1,47600829739238;2,18188146038374;2,07149334627157;1,83469098279841;2,34624118549005;2,28252488776404;1,92421023693645;1,34904012853019;0,349019355682771;1,01844927072408;1,00654826405942;-0,410398482114786;0,937294658494034;1,32119538928387;0,765783254482907;0,114566657195426;1,09772926551113;0,837926315828912;2,16358848751792;2,31291895119686;0,0871588762173525;1,4716481293435;0,118433846979556;1,91028184503846;0,598859475733477
"30";2,32326310607709;1,55691161008307;0,460897024375951;0,971193549652859;0,393778382650797;1,36949447473802;1,36904994826251;0,623206391794632;1,52802659349383;1,20457640058945;1,20522532733369;0,65411222570552;1,23020415175339;1,33468709456884;1,28513084913772;1,66956253415683;0,219854375448464;1,93964756507817;1,03639932362005;1,62403637574539;0,776782049384;0,608626236315008;1,26071857271684;1,60847702871316;1,29932286206976;1,45422328586819;1,22801215236106;1,69368999315026;1,19562082678658;0,473679186809444;1,51270155482124;1,76189948532288;1,23629440969708;1,07181439420307;1,26804173789828;0,753623686438919;2,51793922272916;0,733528038744007;1,52001825477495;0,5438852377007;-0,0209398034365895;1,13527080496503;1,26254573674137;1,26603706499141;1,55406047334928;0,897654454825862;2,16072058608404;0,926935684835019;1,36698878588429;1,25990293346473
"31";0,572995096452071;-0,00199497473536203;1,82732752276962;0,732868123874474;1,24617076627239;1,55918726113681;1,35646155179557;1,03084348993098;0,162577143404026;0,857518658401158;0,911935998638772;2,06842758335398;0,559961019630215;1,6553059088633;1,63582401662655;0,370770834165222;1,7964512396579;1,51589294657439;-0,160828355176617;1,28520721069581;0,529509243902613;2,12375907177948;0,843117381451894;1,10250998268586;0,743623974040769;0,975472163375223;1,6806114086906;2,17163443914061;0,404091891630469;1,49504352561134;1,71896388629734;1,47380124399131;1,49115948948893;2,33273496545597;1,46282844629693;1,50693716078162;0,489740054204252;0,956715915177532;1,93085328287159;0,520103371761418;1,37252050650868;-0,0575145600612661;1,60103887179341;0,768661761425802;1,49011580898339;1,44554794702305;1,73902920331956;1,81108673510961;2,30559790066198;0,000477686548867151
"32";0,97370166324388;1,5113092177121;0,975339864742286;0,943219366724508;1,27817097584694;0,556910627499618;1,13075779261773;1,09545487728105;-0,104087546837489;0,146587245927284;0,401216128880606;1,11297481014552;0,684895721323493;1,17735703142575;2,71697631730824;0,0862732785576616;1,04849177781777;-0,133880432171274;2,9394328015761;1,64661470220205;0,979719137847435;1,00152236540099;2,47871380516342;1,34325865604849;1,24780395591954;1,27447686631784;1,80688553843862;0,794932665570916;1,31737005041005;0,466095570337175;1,73449217933655;1,72874633526475;0,850328409851235;1,32046538644159;1,06610387599853;1,68630030733607;1,52523148582574;1,15781147127397;0,726503328478404;1,20626682903596;1,08552988887743;1,51500994955881;1,05935347549661;1,07117843587855;1,28091382034528;1,4513004565996;1,64848430284658;1,2111457278099;0,866422457409376;1,38001452678645
"33";1,29307033578378;1,65499482770027;0,606549908172092;-0,408104636191487;1,44388000686505;-0,236103348790465;1,3239837642445;-0,0918087734703796;0,976121817498612;1,72442942346976;1,3959216146467;0,249632564626896;1,26031176021124;1,18014568576814;0,834324638162288;2,28990588056322;-0,0050665289425087;1,1188448275822;2,47038049658425;1,67423488280948;1,7017927104948;1,09967410725131;0,862255151650869;-0,114391130436819;1,91389175945664;1,11630180832091;0,134076733883924;1,49136943217096;1,78492125266131;1,22803408438332;0,269702871921835;1,59033822359502;1,57106206404397;1,21521800287063;0,891048310514548;1,26918997777186;1,32900066421859;0,648097881601114;1,11348971164705;1,0313534448664;1,56679068743433;1,44328128585136;2,1562935243162;1,3931662745073;1,87645107895623;1,107549046104;-0,327241263608776;1,42081667891956;1,69764256295689;1,1668852200694
"34";2,37413284493518;1,6165236847172;1,50889447776855;0,967356306126356;1,16204643652608;1,01420801503532;0,904151631145123;0,866507446470994;2,04417961641098;1,22667386222604;1,03703208684264;0,691383533155774;1,44458408125068;0,542604901937274;1,99292026255698;1,55975955734531;1,62343834552158;0,297640021953897;1,47281344083313;1,21457718349835;1,02323067568885;1,22692267038995;1,91723135317511;1,39809826505366;1,2841300267409;1,1031022968561;1,53364435047894;1,29203832114508;0,906073311562261;1,79825098947139;1,79020055905634;1,07626179569579;1,24150596773696;1,1695463348971;0,454400899642982;1,56032234348918;2,7287124372623;0,869672450829936;1,98434398432015;2,14353704750999;2,24292352595388;1,1415149011578;-0,2766631979984;1,13008883557025;1,22431625873578;2,53406696444567;1,24411693635511;1,17244165759358;1,29412264523373;1,03152865429807
"35";1,5846442376513;1,45177090181853;2,04838813528566;1,1645466962807;1,77218114685818;0,898483229550567;1,39881251783363;1,3924780514063;1,61704883604441;1,15712109269038;1,57073550509884;1,48991650952562;1,11242038109543;0,947089576530435;0,971533788857192;0,591438407514612;1,61854604544842;-0,114323826463481;1,11633491996575;0,682517475073253;1,54077517007906;2,00798318314931;0,36840871598528;1,58168133767934;-0,530631973583425;0,870922547297895;1,17019335174602;1,2727676962273;0,905306616278613;1,39820875052591;-0,645534872882339;-0,560475670727139;1,61101473734933;1,79042867634465;0,829106825236765;0,982954669448539;0,617443453904965;1,96515647292061;1,80820939079101;0,839137669682994;0,964186897804962;1,84429437147932;1,36520781497221;1,36395947278186;1,41317846295074;1,4396302978136;1,74156798029841;1,16014011505388;0,835240386839271;1,74766514801068
"36";1,50204315840103;1,04532024166974;2,53074859703236;1,85763655059071;1,24055034947734;1,14331705740194;0,839494160377721;1,62946701269058;1,2970446496286;2,21184240423336;1,36000145371419;0,927551909048051;0,206990640166871;0,557313337431087;0,318414096498125;0,323484900192494;1,56698413988027;1,39281420630227;-0,0510892247305952;0,655626390964676;1,0060077482557;2,24324063431145;1,19265778008339;1,21246893922523;0,998831355414477;1,64748405517625;0,905401157428179;1,36309535540561;1,5656843019055;0,485941829025399;1,64387283991798;1,27127799493;1,09342657470069;2,55025381116403;0,773194530534412;2,56910025485938;1,70027269262387;0,937863387719215;0,186391232523387;1,2568584279795;0,0479357249124339;1,38108534061966;-1,51082211759032;0,786591286082102;1,65624544546828;0,445532520528856;0,242469281347008;3,53623702191906;1,14313991762644;0,55047282270458
"37";1,20774786262043;0,852242272069161;1,72790638986311;1,41736972998292;1,57447541017286;1,36993875610065;0,318006789694684;1,87005182574975;0,815910361207903;2,33478976725035;1,49109843839601;2,06215301383199;2,18332726456529;1,58581082046516;1,5190559088473;0,874669709954346;1,64189477610304;0,805579850215874;0,68668291763263;1,5960842298044;1,42704412176678;1,21426324102245;-0,315319815084155;1,67796272445823;1,88479329607077;1,4903643465491;1,31475410070774;0,917138936417596;3,34008375038766;0,624018039047427;2,8848562758482;1,59663882168395;1,5958709868381;0,876657248878851;0,582223186515696;1,44395074987222;0,803398325023162;0,313284936323334;1,21806799866811;1,38738281919819;1,64838031362616;0,0146828490408089;-0,15290536937162;2,00931112152739;1,95808171077578;2,05358892962539;1,79352598264908;0,289956478259434;0,700693156315123;1,03649631673061
"38";0,971476890652329;1,01172311849015;1,41179451458667;0,952452124432957;2,55979292946635;1,51822248557316;1,83444193047027;0,695766232351742;1,48707051429598;1,4138528180036;1,00572170103875;0,681662773208132;1,87534079056454;1,14627850241825;-0,487539540908473;0,884335847917094;0,602531205970156;1,82659480296375;1,76937181446113;2,36802982004879;2,7319161227024;0,232893049114199;2,59692609809829;2,01955956146238;0,680236934300994;0,201306246367802;0,826268047131514;-0,317733944968826;1,1178929174324;1,36514629582904;0,640643227387994;1,25038781573981;1,87999086506712;0,773234148079768;1,39580734277114;1,46366475739464;0,546076087366099;1,10814738798043;1,48282030370245;1,2974386950905;0,442175069588757;0,765225534152157;2,13565217079358;0,615194668962485;1,26354047058473;1,01291053963626;0,152432545979392;1,56000455119286;0,510150301374515;1,31858190136948
"39";-0,181259446951136;0,913409231401947;2,0685659868048;2,5314279352025;0,690348814727329;1,17163937940553;0,722619185280275;0,269148401333615;1,67751563263452;0,98119263470037;1,34172681621576;1,22520910600726;1,4757720877543;-0,371180317465041;0,807845255256667;0,587265126530602;1,13778091102277;1,59762027476576;1,71089376255528;0,0669309889319432;2,01227986485954;1,58181169376803;1,58194889106811;-0,23077893311752;1,23435660820752;0,355386401592368;1,35909262625821;1,30502824876876;1,32726108619668;2,00793705373946;0,487108356528102;0,63604078322763;1,37420921285693;1,87232960476491;1,6520687269904;0,376604569639535;1,3498007884125;0,669538876157363;0,547426427124655;1,56501122776661;1,76963945820326;0,709097605329291;1,81587202118508;1,59107462613336;1,05809287512995;1,15950316354504;0,787224247975963;0,764917407078233;-0,160047087266429;1,95614096417447
"40";1,48951472334633;1,44025951494745;1,48495660813271;1,16478542898467;1,41637305442929;1,21454518512248;0,475029007419113;1,43277640062691;1,88996660616348;-1,21883391829322;0,993368052542967;0,295296097674166;-0,260000828562194;1,45089636331615;-0,253135067231467;0,897378968707288;0,593792414528727;0,934594570985581;2,12486100288323;1,5829244029707;0,764507911705311;-0,314164963603709;0,533935232591658;1,20775123096189;1,42969808689793;1,30546482888981;1,28783852225081;1,24032934292209;0,688613791005764;1,99544183521363;0,254591352999839;1,99409299111982;1,25042393226506;-0,11235739733971;1,57225692072775;2,54880850624805;1,65422088526878;1,15252769744553;2,54047811905856;0,5691626071448;-0,0373108912774791;2,08719499625013;0,425696937361252;1,01315123669986;1,82180437700055;-0,377825521177207;0,796908758398123;1,46779019818721;2,93049297403715;0,179319250142246
"41";1,4898467367525;1,29052821034997;0,706670747340556;0,976477591329862;0,584071041856838;0,787045964794123;1,84446217396118;-0,890444875250873;2,12559585050568;1,55893680002946;-0,139586549497681;1,08777426783138;0,681136407739433;1,05470392083995;0,710358142305877;-0,100409616815161;0,782213281032329;0,814885941899502;0,713276367666462;1,87503306655151;0,614009394424343;1,37429846174474;1,0270863976809;0,156925388880659;1,6496573206133;1,67432679792741;0,481263020289191;2,07432518835234;0,766751856220368;0,365165508540244;1,73127846836434;1,15109579777074;0,469544402976364;-0,324590429638265;1,59327905511244;0,866554792837301;1,49190295110521;0,522161385158191;1,78989520786623;1,7895891683017;1,90891066375445;1,2310196118146;0,875511575553385;0,473509063643174;0,586019919100159;-1,21154865157479;1,02868944707728;0,68339651720679;-0,263278361100135;0,808379054114612
"42";2,01852340256327;-0,622977755461542;0,202019918170759;3,05298665204904;1,4770366308249;1,20551163152032;0,409850865184846;0,581000100285667;1,43381188629978;1,38897983580595;0,338767613080094;0,40415084165728;1,7669338803585;0,388841694657077;0,145260671481178;-0,412964929858682;-0,486985457735263;2,50319255851088;1,25445882426927;1,28882560316188;1,97263488499967;1,97075714508045;1,13258864686196;0,331073511510456;1,84892573744447;0,988887112486085;0,977937692365861;1,15729026498045;1,12980042458672;1,62931064407337;2,28901188698097;0,301003852316648;1,14530967843484;0,28885468179939;1,24586612792841;2,17510392323275;1,2823227282361;0,0721695751004834;1,83021004938368;1,20251912254917;0,62715221415053;1,91200887660595;0,529235507551548;1,08932467729903;0,206037187744393;2,05399888541724;1,73596599888861;1,7842344475707;1,71316073632965;1,2901497665238
"43";-0,101881198483103;1,28619171324399;0,239357969987973;1,41611795883749;-0,476413722862728;1,40502391562425;2,48225941017717;1,7862021182396;1,93989946106818;0,758981724724559;2,70246781105758;1,54473109564158;1,38059530995458;0,675492377046599;0,820519340961201;1,84734231186846;1,4707880653768;0,886856356934647;1,04002363235094;0,80796010902775;1,43492558715522;1,74335663133165;1,67106293697697;1,2803791075274;1,44899606785551;1,32914774678994;1,31684039597441;1,00979942018734;1,36226346249206;1,23034296863566;2,23999942928321;1,61273736305372;1,51340506972572;-0,00932037682654485;0,179595367393016;2,63885017389784;1,12961830103516;-0,865422438743322;2,74569838215968;0,166715350043581;0,0124373500056176;1,30013103688225;1,28959183490849;2,78156077728018;1,28956779173077;2,4479449898083;1,55938817126629;-0,490504250264373;1,12404909510254;1,24860269281607
"44";-0,149623806902728;0,583079621814456;1,21495388245041;1,8621800512133;1,18920062972639;1,23036037094371;0,95594103753603;2,00337499850575;1,20975457663815;1,91267345575547;0,817759829614818;1,62660556217233;0,372336299965751;2,54412592963465;1,21003432876561;1,46273419788677;1,62259337815853;1,13820473339749;1,27408403515951;1,4483443835384;2,52525175416794;1,86647212661529;1,55506888290917;0,904891076050835;1,26541816576325;1,02624987756657;2,26497177875062;0,698625825062033;1,66684236327418;1,6796798839382;-0,154633471588627;2,13342833582601;2,37312282748448;2,19359660321327;1,54338520348805;1,50673058728662;1,29196682761052;-0,154138668510624;0,785519945119235;1,99941134164075;1,04879962467134;1,51647353095333;3,30122009331225;1,77301580389144;1,81382309685517;1,42886352102903;1,14655053080056;0,907314331002383;0,922050199601744;3,19417274217787
"45";-0,4723905091533;1,27801371740278;0,0756883442831913;1,68328045548059;2,21968610232737;0,316496059164346;1,27335175909531;1,13519809253845;0,486660009095232;1,20324595026812;0,584905637536347;1,49606176913066;2,08246700318594;-0,364329460415028;0,579857263284704;2,01023334237053;-0,156567150858971;1,28237271569491;1,02785086616579;1,65487891379016;1,77317356773365;0,333843760743732;1,04678244559537;1,01680326270797;1,04173962237348;1,15439090410289;0,723463139034246;1,34962724285774;0,946742364301647;1,48480747752578;1,18699821814446;1,29382756370404;1,75074937989273;2,81381319120787;0,0625548180005833;1,01030870873759;0,687835319912026;0,999267677664283;1,94166636307992;0,949161259664513;-0,00458370131285868;1,82341303923221;1,23857888381921;2,35888068032498;0,0266525431634719;2,25792312116842;1,76217320806627;1,5778384924943;1,04838782985364;0,619212706551182
"46";1,58726651052274;0,681859528460093;0,81864813105817;0,608363428651179;0,318379631688918;1,37660784175966;0,651554207782975;1,33815564573553;0,912270535433852;0,851111539205482;1,65375398171199;0,0835226093937633;0,21814255407095;1,60678709238907;-0,0949543927876051;1,66206826670524;0,493492314100176;1,50705307570291;0,379485824723473;1,63886188637959;0,993257061337606;1,21277577161869;1,62776913160894;0,583876383005594;1,27870541943322;2,79092006029853;2,05767821670416;1,08765594264026;0,616951598091435;1,94075275813956;1,02634056069996;0,47785121213152;1,49197441049108;2,09035961205016;1,12648543426851;1,03899023647391;2,00836317635026;1,44601713527894;1,38137783171564;1,52892814880344;1,93106735306365;-1,3200784431507;1,04392101582142;2,05274221030325;2,63631467556778;0,958929627645205;2,50198971125116;1,12413685091498;1,49682065243258;0,803911017039088
"47";0,126618358943949;1,61171809054204;1,90517112918307;1,35802015811895;1,08194565549588;1,40289329133315;1,62962437251954;1,42489960073022;1,16080237829375;1,99336661451096;1,11713861634396;1,43800941384661;0,797593009484777;3,09989925884387;0,495834566716703;2,43948646171631;1,45410995410402;1,46056870258047;-0,780649810180848;0,966976895670633;1,56432035659796;2,08215059502328;0,569952881080265;1,12242228446612;1,42702223977284;1,35683807368023;1,56122519515026;1,70825291385777;0,348166989080691;1,06610448347761;1,85779251351495;0,461146993989536;1,58154823269974;-0,455054929244312;0,870017472470249;1,16865476315974;1,05516397133383;1,29503403945038;1,3461832065336;1,07243372263977;2,6002880791099;1,18492823851955;1,27918597963036;0,351253718730306;0,661008715760803;3,10060030112694;1,30056798759544;0,550298460459371;1,27865115664945;1,66655679981043
"48";1,66169360823658;0,457969166017633;2,17752519137212;1,06579063109426;2,34636237001986;0,30305488103037;0,29123664339699;1,23935695017756;1,19547280229779;1,23775296431033;1,35653119608039;0,827751197498733;1,53329340879139;0,618184226278303;1,37882274370976;1,27311474960932;1,80448159137543;1,17081216185476;1,84520909134919;-0,882843966221843;0,43619421587444;1,10577945303986;1,31571386166462;1,29229914801082;1,93982521194882;1,44444096046621;-0,219344776146317;1,47736513983273;1,09529872605568;0,783439047103478;1,42129115405845;3,90039856373572;-0,0180934800274892;-0,575256671222702;1,38086823196242;1,11156137661233;2,35613018523137;0,915093614405768;2,09998608563701;-0,7767594254355;1,00438075470805;0,275029360155063;-0,273828288742343;-0,870881756359353;1,3902654747715;0,618937285541522;0,530222846430841;0,785108992909575;0,702032123704641;1,25689499175597
"49";2,2751883047904;1,06727906145968;1,44519504753295;1,19875947731994;0,865356192956251;1,56001158551192;0,966410547799278;0,33061744895798;-0,812579260216618;1,96006296525163;1,39380476052119;1,80672806754;1,96812965986121;1,34641754409601;1,51439091406079;0,969914922622618;1,10734652806764;1,89350112548566;3,02923605279086;1,26703440009359;2,51542457835492;1,13708566745747;0,243789652730923;0,956737801948318;1,19873141370252;1,63640523330666;1,0998464056769;1,41134761694834;1,39001986326619;1,17095521852163;0,850476782519752;1,61776385223496;0,013215769804475;1,50123873981532;1,08742013214353;1,58973826847986;1,26206454801217;0,673499713522341;1,20701328485299;1,87788807427598;1,78353022626827;2,07052372450636;1,79406433929227;1,53710089887156;0,216391753925323;1,71865541567256;0,504319756882795;1,33120971923513;1,49290259062392;-1,6768391196443
"50";0,279195394653429;1,92908992989915;1,44113160017614;0,277867446027859;0,435813934397993;1,71420245833161;1,49297739736351;1,25484868439549;2,81704160641694;0,953014193105129;1,26727934730506;1,46454892267562;0,912919752112473;1,32890510918169;0,460875594142578;1,79533571252293;1,29051795483645;0,0323984664699219;0,964916622856697;0,716605472730483;1,53861917644329;0,940394133319572;1,26476105830295;0,561210231879244;0,668408204038207;1,02339059686205;1,43545038588016;1,73740360577258;1,29506944668863;2,49390489580043;0,398343926564769;1,91168516082166;0,938340321365664;1,57229968636114;1,73783627522;2,67294952873098;0,406275599538211;2,10059489068192;1,27286390439379;0,432952583107754;1,5201891826268;1,39401075285784;1,37358532772849;0,718337746559425;1,70367107940761;0,949036402682591;1,58191047909826;1,3528294005927;0,766848670980945;0,800125742502756
"51";1,58685746264708;1,44457656572834;2,06240675115122;2,18948636478855;0,660049016886274;1,53478012121115;1,52992300413937;1,49970222209997;1,39497445629196;1,18820288091583;1,76709434784794;2,74348912440161;0,302947347558373;1,04136643375767;1,45049708771079;1,20286041638811;1,37670990281948;-0,575799270775605;1,23160358053163;0,828633965273744;2,66881163231516;0,532117794485068;1,36473531770034;1,38141253533814;0,792196448456136;0,425307373869059;1,64949482396436;0,812833417570119;1,15027212751481;1,29975158248814;0,753800228082705;1,43498173720977;1,46400755737082;0,613931417940193;0,471951547175048;1,41368956420442;1,30000019850806;0,55559142557555;0,334445287706417;0,761897288589591;1,36266128680342;1,0526359602773;0,757401916422709;1,68174232923793;1,41098918489323;2,01491786911974;2,17193398699158;0,336289947459383;0,999728786813172;1,37273178440233
"52";1,58789769847609;1,75945432406718;1,04488612638402;1,07222665013847;1,93806990747706;1,42166273727111;1,07088426811679;2,8702489311667;-0,471181426490514;1,74233476050257;0,643819574240331;2,12178541412312;0,442313688391728;1,51931494809422;0,802992384548609;1,71595572829421;0,761026018709503;0,89687985547805;0,870045386214722;1,82120085281751;1,2767366421671;0,230084089206687;-0,37226386052817;0,760313954312516;2,12635305726138;-0,0991450269689533;1,77201070574885;1,75816379783414;1,47891514002706;2,58853473541446;1,3699376805309;0,848446608381782;0,664011154033876;-0,00836656962988247;0,429781822445612;-0,243177929049801;0,634324393463776;0,958346454035938;0,761376191000143;1,07821074388367;2,36736052141222;0,723316506861265;1,40527059011943;1,06012878547882;2,40579882605257;1,42785773917835;0,879279819279686;1,3623150880183;0,985675121455816;0,433677639362338
"53";1,55789853497989;1,84331478431243;1,80199332678718;1,14016610149508;-0,743753120711865;1,00432045164511;1,64022502974595;0,341480754520826;0,765034814676146;0,59016485828845;1,68906636421106;1,43960952156859;1,2953342510945;1,07179773045376;2,01321278552394;0,245837698445182;-0,376394162689645;1,91330528937971;0,38223689389787;0,856826876345773;0,906667426832854;1,37924830926377;-0,691248464587301;1,36712180038982;1,95228505317455;1,18482544761509;1,13847158720249;1,60228409844227;1,96549888937532;1,15855115224447;1,85151209418214;0,977329798551833;0,641742855981257;1,85504429998082;0,885412201733902;1,22345242930731;1,50549307191856;1,62994367612013;0,651109435898618;0,452036739809903;1,82176846290814;1,70046403485312;1,00224581731769;1,48174451617451;0,581940281267879;1,64739769646984;1,3741780185254;0,959335157267836;1,11607028057187;0,738003377328862
"54";0,807989722572625;1,68618125154898;3,01540926909324;0,903220100116372;1,86028751605698;1,13551896378917;0,182132257139714;0,0159576512746922;0,822482977324617;1,78693010651704;2,07751029610016;0,56533321214568;1,55099282986088;1,43872304165049;1,98604293701512;0,228264635130291;1,56925357932635;0,265487768726047;2,33192887023289;2,41699044876351;1,06758263974837;1,75119473310133;1,18547268051891;1,0537447136216;1,4718488656562;2,24683767366179;2,36127461926251;1,3729853986226;0,0282007939854276;2,2882742761648;0,791940866007145;1,94549402525284;-0,0697911735606009;1,13384670488673;1,73994552690898;1,68522379201619;0,417285624927416;1,68226822549772;0,95114885394324;1,05327543226462;0,92658541073307;0,94652417395177;1,70483835738414;2,55054531129646;1,31587727846648;1,3380014257572;1,5732815478619;2,1376843091468;1,97292758790009;1,04047207785178
"55";0,96002862771167;1,69253527514959;2,16341617150712;2,19017545114718;1,24700939054032;1,9296802067796;1,28109624312908;1,75024349577731;1,57903359831577;0,598239300808088;1,75569702043378;1,49552530962077;1,18958262589381;0,983658302243915;0,703034090039443;2,19500081174146;1,36380546386213;0,452861814029942;0,849931647588912;1,13820705981947;1,19194262879701;1,08599651434902;1,99530600685929;1,70369100314932;-0,0670357267054138;1,28585397593432;0,0646191074046083;0,139346656859647;0,859134212281769;3,57782900097284;1,62235984755913;0,84226920274015;1,92902479891008;1,81260460630588;1,43370126807472;1,19569894104074;0,805578647417875;-0,297582870714602;1,4290312980441;1,57041316806932;-0,162792079016639;0,210747330106039;-0,569407485207093;1,61501111436979;1,63997821459319;1,10616254792024;0,512525212737471;1,39639890720446;1,44029127436375;1,79544415780678
"56";2,52832775105562;1,42744358950573;1,17094134609397;1,66333318826659;1,19065272632357;1,89030688166026;-1,77996750169055;1,58052494201708;1,21554223217856;1,2410574406049;1,5007404224373;1,28444316537657;1,22223467119905;1,79461524093996;0,691208953800414;1,38865505169758;-0,428179578091078;0,147168249448679;0,914100502300748;0,819125369396398;0,81832249852898;2,21064643570407;1,73000807275974;1,65962469937913;0,961848283891424;1,08484613911369;-0,26379585005802;2,68673262139725;1,1369458909927;2,33088273285643;2,63350831034617;0,747497519244148;1,54045244435282;1,8741267219528;1,58043613704718;2,30524608278095;1,33332649690593;-0,00494178988383176;1,02897919801597;2,37861861409945;1,1105884261071;0,137310198625404;1,19587851637112;1,88323955546798;-0,77571661982412;1,74931987211449;0,676761657565069;0,803266072063358;0,64145875223359;0,357530502617681
"57";1,9316415501801;1,21302161164477;0,530818559753644;1,73150847301617;1,46174258653424;0,644408416336729;2,20930607215533;1,97511252131844;1,56251795259039;2,42365290652163;0,0469930237347755;1,34997849299456;1,41683596645652;1,40900599619314;1,39837907720976;0,896214764840701;1,61837203607446;1,64429262464555;2,04710579575704;0,84734006506022;1,09304070185517;0,518706819246717;0,87120204739206;0,231033432272838;1,68907923947564;0,025045307412114;2,00603775315327;1,67502967388467;0,661954797821948;2,16143438538577;0,349144520430523;1,01216872264355;1,08212078704521;1,33350575301796;1,74719378922827;0,220157160929234;1,02512236829835;1,89884442658244;2,03588033691287;1,76641047546562;1,77733312595352;0,726640075273902;2,08929945884537;1,66978643569415;1,77749651449775;1,22125928975843;1,45934774544178;1,42096539466328;1,46129199481663;1,36106167960871
"58";2,30238293933965;0,913560082616314;1,00518903648535;-0,721239658732623;0,537915041390942;0,474440572266503;1,01698147182898;1,00870329516584;0,623505868806373;0,0908003625315388;1,05236444706171;1,15362674676188;2,05736789707543;1,82112545958387;1,76558378239714;0,704251473033288;1,20931605667656;1,84428324837161;1,2441617279032;1,58029293631186;1,7997739250305;1,51628641720942;1,75109196719741;1,05290955158304;-0,154840825489198;-0,131267636074532;-0,428955054926121;1,04463955366849;0,717133421008979;2,37454055614313;1,31885484349685;0,967909661322142;0,984413210356317;1,85505992124307;0,89456460348506;1,14489694063252;0,697651445228247;1,18479705753319;-0,37183732649747;1,91574625141112;-0,0186703167804234;1,24980507443763;0,350501127832019;2,84016194163382;1,19914303265752;1,46826782009777;1,26639842387431;0,397781587752521;0,674842488533096;0,997569889950923
"59";0,740496046670309;1,45164428042552;0,776688830009971;0,682162864717549;2,12458011527738;0,677521711961179;0,549989445548142;-0,0193925364667189;1,89102485336439;2,421454575716;2,10670079269256;1,41289782668804;1,67521642938037;1,55438169148027;1,48188253474938;0,972589218867131;0,229600907326942;1,46953897812733;0,667715342687984;1,920716410168;2,29097814349811;1,45125661224086;-0,610168336649147;0,637164131491537;1,13516739023151;0,634859273446843;-1,00644370549808;1,43104129321621;1,29068004131873;1,64588506110927;1,85852397834527;1,29183222816716;1,47775521407245;0,842241996801957;0,177235935011864;1,95944456128692;-0,403333045390474;1,76267822779163;2,2284682866033;2,35506059233277;0,475235000275237;1,62926389327412;1,25268384960537;1,08927989299659;0,814156234167699;2,03043011057127;1,19873929316552;0,112435631253438;0,610340527430585;1,03377642227318
"60";1,4544175629097;1,29835583858128;1,47122493571328;0,727454313111638;0,550924432017605;2,62046157589648;1,57473037915629;0,821816624884513;1,30347110488289;1,60448462762835;0,377836580549835;1,38513489131436;0,783840672909121;0,385581537453366;0,638934754014934;1,45585837882415;2,01642692474926;0,447990913790822;1,6442117039249;1,12276754820761;1,58852209498837;0,551082723093343;1,47119876616046;0,905447310202825;0,109130089054151;1,4998834571929;1,59200300489875;1,3082361583478;1,94533476458005;1,8746625750873;0,508643004969323;0,76028194207196;1,47085127388442;2,22724746700723;2,43408677132755;1,19229380507823;1,46699909512586;1,13799091943928;1,15638676555607;0,98493403484786;0,987136825558688;0,743745077204144;1,23383851165845;0,989710033831354;1,39265788624548;2,17599501821893;1,24803917324982;1,37104234395526;0,843673253506685;1,7465610119147
"61";3,37773240113607;1,27571555531015;1,69320579206302;-0,898425125893294;1,1650116563009;1,53364521890886;0,580405803750223;1,15715400582735;0,828572425409807;0,807966507066231;0,390171608781189;0,811479237738809;0,913891911777456;2,88583742777298;1,17494586713212;0,864525479550317;-0,29725682021173;1,02914726696221;0,634106800628862;0,92305853594067;1,25675976275601;1,00114546359069;0,655485203136455;1,55998547642296;1,3719796918505;0,98681790913742;0,233737317028191;1,53624127985241;2,09279463723097;-2,15381285045072;1,32230141704157;0,974487490088017;0,998683104823128;1,40533167812269;1,00913548405995;0,795748475171386;-0,860581410732574;2,17823030232462;1,79794254121523;0,442186923824277;1,23623658540805;1,21299264327368;1,38870815547544;1,08235580548043;1,44240527165994;1,80463927335657;1,24645776527112;1,3792271968611;1,52041035144325;1,39336693284804
"62";2,12310218877998;1,01198977465384;-1,11395912861265;1,05872569696957;1,6582475133956;1,98020603977438;1,77572824511461;0,793718826687756;-0,105360149743706;2,3814004045439;-0,224296101304779;1,65996919571649;0,917948679083188;1,70361938005742;2,38884890617394;2,87485254779029;2,07283187394613;1,25304839028989;0,950585067690106;1,04567443510717;0,402431403016478;3,10474167142178;1,20125338391736;1,40567268505587;0,661642325340963;2,67194183814096;0,126343324587449;1,438970018078;1,75605246103579;0,0875846217305805;0,618733428965769;0,647715022938741;1,15906280016085;0,638679561239996;1,71088104823363;0,61408804361706;1,49427149989997;2,67222614261952;0,945080033346603;1,47334056756766;1,46152346597843;1,34524541209225;1,09179965290875;-0,456033906793841;1,77481301867719;0,966590805491069;1,52761138697651;-0,365305154316347;1,76332355793917;2,54274229267244
"63";0,914021537766407;-0,187992815955168;1,24664586405708;0,627638533320678;0,555626949770637;1,63099414358865;-1,13144819228888;0,56940642049245;1,5587145087642;-0,299114352230625;-0,944229509728192;1,13705167340016;2,71563656863635;1,26714689843667;1,72657313581078;2,03659442866307;1,59312441428516;2,41787188290894;0,401188541080477;0,992017934881753;0,551890347897594;1,4164549060064;0,94667696772371;1,5768631456947;0,170503931634581;1,61466126252645;1,9136809969946;1,70058934975387;1,14391443154105;1,02473314974882;-0,489421088848236;2,0319078885497;1,56700024622737;0,56037320269716;0,798579255747135;1,34907815083621;1,85862083754466;1,88510075363912;0,507570389633346;-0,186152016513604;0,0693416430200971;2,09541260877766;1,02722082142929;0,78008668938313;3,1763637662908;1,53153797380351;2,00108105080958;1,15606268256989;0,685290196166787;0,69426012267389
"64";1,03319413229032;0,634536552904272;1,33962826049499;-0,259231148083118;1,17944676606597;-0,0940263901895984;1,14913650670775;1,19438115464986;1,23295513604352;0,429073994519286;0,158427079562859;2,07142748891209;0,467067099139322;1,33653959616521;0,965049284607136;1,22123746287997;0,358108468195383;1,12255865448083;2,33688582529385;1,65820147521368;-0,410266838582627;0,834851764586601;1,33219120278914;1,51860940592885;0,00265403770945927;1,53538036396764;0,951319384392121;1,83892490308254;1,42852726161302;0,834793174848588;0,808450911871002;1,4712656733233;2,35379748741919;0,374807174767827;1,44718593588378;2,02200388310858;1,28162924088779;1,54416840343517;1,46434434629056;0,97503676234317;0,773153795770834;1,10996333901974;0,780443677423447;1,22674907202232;-0,126199209745836;0,131687756420292;0,925175028545993;-0,148755773525829;1,21829532722258;1,65116484773633
"65";1,41227006623043;0,611361284697346;1,35312624719819;1,12816681069801;0,22747640001937;1,7056331420268;0,292582554745583;0,997375298860089;1,72818466085024;1,17542444474066;1,63408986543427;1,03124185229111;1,37370591386406;-0,0189817308501493;1,08858516332224;0,816897172577512;0,717701331554315;0,683059675124949;2,57934833304314;1,59414370021084;0,951276628794729;0,984603756967783;-0,794981274323174;1,35424653919614;0,919479246251964;-0,0256412927682925;1,21130834865567;1,72613062638111;1,14355450897989;0,574449326153077;0,826428705136864;2,11115274665586;-0,225410641573777;1,36394123405451;-0,823646278089977;0,967595993316247;2,28591393727529;2,04532570522822;1,22456273309078;0,420126394521493;1,15701655967031;2,41930585340615;1,01949963868334;0,167608197125674;2,25904314972731;0,354149193710751;1,57939893026846;1,75956325870112;1,22983707727348;1,48815527673762
"66";1,14764857665987;0,78877388551875;1,28855848535935;1,094458379768;1,52787008670191;1,2235591804336;0,900923963263398;1,46342603927841;1,17812145938011;1,46365004089535;0,796076069248612;-0,300465170649582;0,991912519980726;1,9052031871757;0,892557667233389;0,690911701992786;1,71769892294388;0,447885273234454;1,74940932339209;0,567545021999705;1,19330948340138;1,05791578875396;-0,435820087241862;1,77875908075555;1,95529552405641;1,96995112575117;0,213590559544614;1,13804780518146;-0,293695020067382;1,04899492435502;1,34778351250284;0,669829026010787;-0,0814750141234741;1,53142367725435;2,12300040883332;0,805514516402268;1,59829378180829;1,7017043936191;0,878131870430983;0,647291840681989;1,73632129453253;3,03985467539788;0,738343391286661;0,282835505564675;1,74341622370574;1,31384635612451;0,974790873775375;-0,708689304064804;1,60229747673325;1,19886723495546
"67";1,15921533226181;1,35905254068484;2,05538317987974;1,45039271496391;2,09744019715936;0,773491350692582;0,189488819920529;1,61414880937556;0,0236538533360946;0,614631885725548;1,51584072612585;1,28198025937432;1,1062824635942;0,969640416706671;0,887180671986217;0,541669934906597;0,745363882192447;1,42217462671417;1,637596621571;1,54483721830118;1,27393960995012;2,53004159808917;0,454574743154074;1,3659021532372;1,58360564801216;0,740898253342685;0,786740738331185;0,402551859799742;1,47172923403702;0,260599442046954;1,84229398767489;1,47293655648501;1,25064222760226;0,709352710686646;0,651870369861622;0,16587585919606;1,57521876983593;0,145077634788057;2,05914589353986;-0,180849159405671;1,429118051079;1,98846340470308;0,929201463305412;1,45830421998022;1,02163886012499;-0,00618566350189642;2,35081225889692;1,57706060524205;1,55763141539028;0,325030821288735
"68";1,15707542180342;0,877932709831088;0,447023003281719;1,44027099125025;1,87677547845075;1,43703541548563;0,84815590735057;0,621130066587571;1,24657083597901;1,43089583250483;-0,681879149696526;1,41903828247543;2,18284956854007;-0,241396182444173;1,10101130150282;1,33339826486378;1,83580507674061;0,36374292232478;0,470063697965437;1,91645499583325;1,82157932520576;1,46989691779901;0,235159038429742;3,44096951154632;1,12001252946849;0,172047265485003;0,276166808484311;0,614745401334046;0,917859634094213;1,32332861415788;1,16237802847707;1,61202157849695;1,42128130623277;0,0119345572455209;0,636912454827557;-0,0397239634435964;1,52841772383812;1,30834475762677;1,42384339606565;1,45762618721694;2,53921915080236;0,136108212879456;1,96202542859732;0,211158963717559;1,22700793276124;1,59847650841982;2,05542655711484;1,52560268732187;1,15717067892737;-0,275313991683364
"69";1,74036802585633;0,299581924782828;1,11724403909952;1,08558771188508;0,491913006612782;0,788283107284248;0,637859397436042;1,0800583339171;2,48639386375681;1,47931294730963;1,25906723334511;1,87379297368065;1,6752241260117;2,73693751687449;2,02183144821516;1,10115975360785;1,1536009165013;1,15450643369337;1,27889788552005;0,69123631296426;1,28973002959626;1,00948054633298;1,40105700496728;1,05604350887247;0,498963014533447;0,575586581538946;2,21523369812019;3,25808528549364;1,89975161041824;2,0500713273642;2,13133546174275;1,20324586114135;1,33774292654106;1,49278858101434;1,73584505661727;2,53917706398269;0,89679718430058;0,939806521589952;0,504799190097635;-0,242954671515239;2,12548527219764;1,49848380245606;1,26645473605416;0,900653239036731;1,1505497261167;1,60873094613554;0,705199704478288;1,46036168590197;2,59920691865854;1,90781857959838
"70";1,66840617745946;1,68234271366956;-0,488689719937177;1,40194027032622;0,668118327671102;0,304764670594905;2,06514752127344;0,354489102742706;0,966204914635968;1,53066756163325;1,43019457086852;1,00651769090948;0,751132167669692;1,56066979314404;1,30331991688572;1,45566153196045;1,42777117183687;1,55171146919501;0,712310432856175;2,0866599741772;3,25752522321242;-1,0455532494367;0,549619006227863;1,34014737718789;0,717549840348274;2,48364114440551;1,11487791425885;1,05222270537003;-0,353927645161259;0,240015349058557;0,628198245519211;0,248598665623103;0,0534918120811989;1,52455272200545;1,32852574317456;1,69435583367185;3,51035512280278;2,26184884916646;-0,0900999148887873;-0,632716881772017;1,23893454250841;1,42469122797851;-0,169066069566225;0,59491981329187;1,26832568208501;1,86911315076863;1,56359219518304;0,816779679234108;1,37817402335556;1,89627325566537
"71";1,24972172642337;1,41366745210939;0,611702782966491;1,0703219473338;1,78116006275088;1,42509114838274;2,01330397443104;1,73606959742348;1,34361461918447;0,868592903660677;1,04782459409166;2,28167719906356;1,69236628824935;0,478615753021756;1,82543962255034;1,53556567129099;-0,684326066434019;1,15384762464101;2,26094109205605;1,12208492414839;2,25293237426171;1,58754080893102;3,23963057870027;0,946927785297559;0,809764731687493;1,46646624410785;0,358690012458084;1,25200049097323;0,655497459801391;1,69859790851244;2,4121185208594;0,802169913447362;1,58085144227842;0,599500344662891;0,482375546419004;0,97020466672384;1,05369645256272;1,33650711497441;1,96025467904019;0,929258987427132;2,44264707441616;1,75428244175235;2,53381677193625;1,77231873605555;1,75358722480591;0,117643560566889;1,26682178734697;1,23695042319393;2,3780766152785;0,262832885216182
"72";1,14170648826346;1,53466281810674;1,81886272924997;1,23407335770179;1,9529004331055;0,838499544202186;1,20149683082413;1,66320096823324;-0,00342402019534394;0,871028235657603;1,52103248667638;2,25175752738617;1,42966455377623;0,223913750603268;1,96569042557566;3,21617739311716;2,44404841571257;-0,311636929391689;1,80581816945399;0,55657927152177;1,71499215894249;1,42532955498032;1,18585950654035;1,92982784820616;1,34014632302904;1,64855788949832;1,69044901787306;1,57189021820581;1,36610441561451;1,06471788178505;1,81955423973423;2,76373223196765;0,399032252725921;1,1008722139244;1,43749890969457;-0,832430975154375;1,15356704338415;1,47402593028953;0,681430608560796;0,874932799906765;2,0872611558644;1,199701592677;1,38197359380482;1,93247127350238;1,24373911753222;1,5607814956745;1,43477330647495;1,22700788457292;1,33977489828976;1,26950658589209
"73";1,27208226120708;-0,180588884574908;1,49147039265229;-0,130454969790619;1,22260742208917;0,841756316770663;1,32474688953092;1,1723009314912;1,28456441226169;0,986402524836134;2,0262338159917;0,686167099302503;-0,614766376963813;1,40584020119641;-0,378561835005037;0,225263273830409;1,93136646606213;3,00843884828522;0,641293679408193;1,37484614082129;-0,51610629864112;1,91610148878955;-0,339205199273545;1,24509155279009;1,29665041483109;0,993612111231814;0,438554304079232;0,795438431603527;1,27755415118775;1,13934000272357;1,25324998003656;1,6688194499592;-1,49012205112128;1,08119254223505;0,595865483366921;0,758650332206674;1,37581072599506;1,36835031948606;0,235175941344815;1,56602600241641;1,63685791976206;0,602491355139682;2,46967056746669;0,603469867821256;2,23667411004785;1,64777526443034;-0,0982227391174852;0,574239627404932;0,257129080659487;1,76020123622349
"74";0,096277432559587;0,241629369163951;-1,22502489590003;1,42276260201566;0,763063639651042;2,43766173022915;1,43715010402805;1,737732523018;0,417218716353619;0,910210777818102;0,392559739846156;1,905310736573;0,848406712024386;1,51507958545181;1,4513542213507;1,11659502125115;1,23874837574207;0,102233832074258;0,83170582520559;1,39966282835894;1,7398499436205;0,94008902180467;0,321499876334206;0,548400126607103;0,82774406999441;1,48062670359309;1,52284849166333;1,63427692455113;1,30732388198256;1,31633425322214;1,88535966274977;0,0345992400653437;0,984532708519598;0,907395101894889;1,06807974304041;0,645715941383679;1,81527430388415;0,576366926754778;0,799967589756862;2,98721726264318;0,423027033491765;1,30367665726769;0,51995468502118;0,864240976184786;1,38054306005154;2,26452650552665;0,6234793546904;1,65132983302795;0,388000080279691;0,454396004137239
"75";1,87620823361988;0,0436049825982656;1,2529265676337;1,30984320847016;1,30525877267316;1,46171621660044;0,352714539883188;1,04406462758037;1,70986674986692;0,535140663380989;1,17080387835897;1,11818803355047;-1,02594007391714;1,6410110289605;1,45852759552239;0,668735262652679;2,0135589326901;1,67673396894235;0,464772161063768;2,3406027478799;1,62353612530613;0,800386271826028;1,42480465255502;1,62174846183604;0,667813241444861;1,99802017135866;1,66587116370311;1,03654783386327;1,87200843535355;1,66896033005789;2,00529896130171;1,13087209405341;0,83972224064859;1,32147936902172;0,976223112287045;1,26413705112945;-0,0095847582845181;1,32186102675368;0,168503504338928;1,14705394460678;1,78881554018472;0,551614771862999;-0,103054895779071;0,420415370647145;2,40759203606202;1,78673104366079;1,77728927319519;1,41696557518382;1,29526764906348;0,840259398465554
"76";1,53817385950262;0,211551463154618;1,58461016525894;1,2427108814809;0,802690832610199;1,97006311802933;0,137192445674016;2,00988945123428;2,23394182308393;0,49374872842448;0,394276040825438;1,21818077147604;1,48418022753491;0,285740414401215;0,613130248485767;2,09329336435331;1,03674425929274;1,88465102521496;1,33060177216657;0,304620369777168;-0,745355185325316;-1,17440354836645;0,345725865657295;2,34799891633991;0,67563847590174;1,1505332527046;-0,569987049647303;1,47741222056967;-0,0173344171935792;1,58015741348747;1,20514265838138;1,06326344729412;1,00665616313949;0,582803743692586;1,54501703747002;1,99126035225629;-0,776987216642627;-0,416698919952213;0,74360315484522;0,667558679149866;1,19532520157778;1,49689365878862;1,74363155463768;1,51856774759824;-0,594266776995738;1,92350751554174;2,25038834952057;1,59638555828576;0,635485588178449;0,697384545360559
"77";1,2349273087179;2,74409410648797;1,49822571715408;0,897179406617527;1,31426849274218;0,161808948061662;1,54106657507581;0,681235115076688;-0,123660535060339;0,196311353119738;-0,2736350271018;1,40296187783275;1,79506278803951;0,595144772105465;2,67837074534433;0,690304334663589;0,953272247470081;1,20536321305243;1,83834244844606;-0,07587563881071;1,08274280952249;1,33788495632457;1,78799792598103;1,43909034383456;1,45445945312389;1,21563395878416;1,42397210328829;0,55218053083158;1,38157920415886;0,517524799228899;1,02117268694804;-0,26405652902163;0,610100036987203;1,17910050080862;1,12093263322563;0,940700758783307;0,910322484779448;0,194224126836636;0,555132493826899;1,1163003210282;1,93392433363758;1,50192671261209;1,6290860646251;1,59806523804779;1,36174372368238;0,906203248956125;1,78230781333578;1,49097645882724;1,4689193160038;0,686036605667895
"78";0,392840056822291;1,15825128778596;1,96066884786746;1,54048412202696;1,68806712018625;0,579070752990251;0,785746734761105;1,73390374637032;1,71066742523619;0,40425308348469;1,4216029360235;1,18812015667661;1,95471786616751;1,49602812019387;1,39362871574421;1,26775638211565;0,507149912222699;0,913968927725561;1,71051502923032;0,299475949189582;0,494074978623719;1,02531703352582;2,20850117324924;-0,432636297460389;0,458350344560523;1,79679919767166;1,32984978609621;-0,644769765165703;0,959191116577863;1,16995565782126;0,60163449748532;-0,0315533201522289;1,17729303041058;0,753243658548686;2,72875335340472;1,03970629259465;1,58181971771024;0,621923948659988;1,29825159692812;1,27318474610536;0,492495939468438;1,99226458502379;-0,355123188310468;1,10179264528234;1,29043032622865;1,74254747865049;2,18550393204491;1,3044965393223;1,22814624875832;1,29629004056658
"79";0,742950966553697;1,1490092792112;2,20684682959478;1,2290163902338;1,23842916257033;1,62625718932564;1,29342933745692;1,9225816817873;0,598004763380609;0,443025304532618;0,641748223101435;2,42440073187673;0,32306190133061;0,869828764053983;1,42878464131114;1,49472053963947;1,8076908518592;1,34884263337292;0,539426432224366;-0,262823385232609;2,91200703077631;1,58443709539248;-0,491470893263978;1,52124282836551;2,19324730088229;1,44919516259897;1,60383322532449;0,612289477421424;0,708501522350836;0,294681827253231;2,40830470105802;1,32021193968274;1,71503798869431;1,7226889527473;1,42844678782146;1,43927676789066;1,0601008040181;1,26895055735279;-0,456133527955993;-0,058427646232392;1,33153832079487;2,5974336242135;1,37426998597245;0,0479303729209937;2,37700569832707;1,63572897682318;0,777177969590436;1,16080401561756;1,20296231189006;1,42343092666905
"80";0,602080726219266;1,15369442835366;1,3093743380748;0,310871942861932;1,57824016375133;1,24308317946266;1,1170211865589;1,40542265544526;0,667603109188993;1,41124850141163;1,88204441215656;0,389476351064815;1,57307772471218;0,33259490410263;1,49933593262605;0,725082838740801;1,49273110045345;0,460407980154883;1,53393017118786;0,102204541019359;2,05644915342459;1,29312886213283;0,541975122160216;0,747327670633868;1,53240900339267;0,312983780561104;1,16940100943265;0,945057491386353;1,54599231516641;1,48547779890496;1,70118344418797;0,790659036811794;2,92306806357537;1,51349445313824;1,92666692443046;1,11961774114555;1,18372795439062;0,416127886744564;2,28224884364593;2,03870739934294;1,51240807582854;2,20745519704233;0,580658936603083;1,11879685072505;2,44175522888787;-0,0857696300161273;1,4155606908948;1,33830144651749;1,46400984188165;1,47645414706477
"81";1,81994548393024;1,81439662663594;2,40708952790955;2,12393639018124;1,13346722490181;1,36641597511192;1,78290848272521;1,58200347181921;0,92923217882305;1,4258018577028;1,18922295467325;1,20945363989267;2,5680592941852;1,01996001798494;1,2406881679839;1,45558281776104;1,68834469361603;1,46985545281992;1,68414078603207;1,73979016529754;0,049030184968152;-1,62895076937079;1,12544711591971;2,43515043537549;1,53993529406009;1,44850833803496;2,36433957193215;0,00823237724737602;-0,0594346522272948;1,20503619783525;2,00753300854938;1,64121374673176;0,712205045457041;1,04857968356798;0,0887154045557064;1,38559169998865;1,49008914416298;1,31533297544727;1,54482768276709;-0,140313919053093;1,90824316289308;0,561713647806143;1,42532311903355;3,01754295379271;1,8064114304696;0,922128822157376;1,09240969764693;0,975583687621036;0,95073066996684;1,90611914766189
"82";1,39419033804611;1,93179430930959;0,87050440753214;0,520302044882859;1,69692797894053;0,671871265774204;1,33434224323457;1,44576136456567;0,803002025716521;1,28182647785839;1,63928298225502;2,56608211246878;0,776477743468551;1,19420603597112;0,0580098769106545;0,66567276244589;-1,25680001028533;1,39909898233157;1,68422263807734;0,813343684576729;-0,361659566172505;1,82504573357041;2,67248452388963;1,63973861218485;1,75481203405733;2,46087356823168;0,703210987077032;1,85291706277806;0,821793650050221;0,947623874576377;1,44334726654604;1,80129201104282;1,62414319651055;1,94886842988939;1,48010649517895;1,53653936051916;1,87672002998041;1,77130580425339;0,868658488794842;0,846338165011908;1,77978498894404;1,7851282826723;1,46649678472148;1,69429129157635;0,641313986063128;0,763773542143433;2,26595720554169;0,308380747025197;1,1239690157481;0,0549230946488312
"83";0,466471400352202;1,63287587563169;1,05819053463459;1,83293492671067;0,709629725484699;1,41179661738696;1,77115330651343;1,04365411547638;1,6480182443588;0,0489015854176902;-0,304353908053077;1,05933382545463;1,94830910250693;-0,904093392010516;0,111780463429095;1,22469227908018;-0,541392519707341;0,819952107717717;0,266364223463396;0,651427507835385;1,74896662164893;2,07605928482836;1,08494807395699;0,550264103576954;1,63065930349746;1,19708023983861;1,92333294938841;0,610358900323753;1,20148471819728;1,05688528467856;1,0153471221322;1,52211782800608;1,73518536132445;1,20464512284994;1,7235912850542;0,776189909491106;2,66730514491416;1,01112595373142;2,39966649383761;0,2374936064597;1,15709688214136;2,12573478888844;2,07276518905906;0,934145840570192;0,919918128278666;1,33247291248137;1,39403178159251;1,4465139302337;0,368847737128342;0,638913488430437
"84";0,843181289021317;2,68062914886904;1,33288482844418;0,521488304110673;1,4868202233307;-0,000911761908858999;1,95638009044246;0,151876406643797;2,10926767751886;0,881218693305211;1,3066186704286;2,22522340810932;1,37542774386983;0,487337171162316;2,56211818669382;1,80096112426587;1,47704291694752;0,400541526303483;0,520826916813165;1,59568998993609;1,39955706778274;1,40568477364308;1,4462983690505;0,542543020556491;1,85211512167268;1,57914511033755;1,42354835093697;0,106690037999273;1,29615578196345;1,85148357271716;1,76243788872478;1,36695430891024;1,96766877796806;0,881158439278738;1,17365359941807;1,35809592687675;1,18034098352997;2,07272971418502;0,998180439506938;0,307479601273289;1,59484940903123;1,32497450438514;1,27693678788728;-0,0869212254385854;1,13659180025371;1,39814607810592;-0,0895747353996184;1,13462593004338;1,61269172914944;0,815361348351631
"85";-0,317550711680295;1,39005584802472;1,04255565192399;1,02131549036126;1,07703688176149;1,43612489247692;1,46143619323407;2,16308193933447;0,847155140346755;0,272391225450026;1,67968860937799;0,85826356564612;0,187647410341147;1,49970179954702;1,32613258624927;1,26514345564377;1,84370769565598;2,3951444374483;0,787038739670054;-0,0933016278969783;0,672729539740554;-0,567815691746854;0,723033499588825;2,14733517083086;0,498689236534332;1,3902545276555;1,4301338056647;0,685824338038488;1,39646310358519;1,14584588863616;1,50070602461001;1,33340771368099;0,604201874629373;1,89001928870303;0,0962887866915567;1,76389549876509;1,71655308067171;3,33741812117312;2,05687885057117;-0,292743149223123;1,20965615636941;1,69549479660313;1,99839749973661;0,546474356916002;-0,0825830798388676;1,07327266922852;1,45628087431177;-0,487522827547084;0,952734997413783;1,60085317058715
"86";0,636263275624963;1,06899583776202;0,935687209814645;0,558001469030625;1,6609281023058;1,13291886418369;1,40606713541313;1,5596546435568;0,747581861161454;0,349806805385851;2,04420657067225;0,93104921434019;0,114932109917204;1,8697403072565;0,94317035555379;-0,40623311101889;0,349072168842175;2,09684486359269;1,12002133676741;-0,131247667394793;0,831263698671611;1,92789616148902;1,49918263325512;0,474453762706637;1,37429851720477;0,751091113050642;2,50915407984654;1,3089275103187;1,31999464294239;1,24638272246135;-0,599219537689585;0,945735610335315;-0,63917108498079;-0,40926866162136;1,68608335111119;1,1359651865166;1,677071619713;-1,02553984663285;0,850252289723207;1,46951474177621;1,08656560787381;0,976692332549823;1,18249660115431;0,268866842967839;1,01956101372312;1,3080697318118;1,95217234387992;1,10215135828594;2,04166387240974;1,13313566090457
"87";1,4151581953616;-0,117810415323483;2,23795583289124;1,90886379719492;1,85723651209871;0,0329152472411423;1,44254887793684;1,45509357530201;0,221751516063782;0,88028426373735;-0,478071844030229;1,68907463069763;1,01821378811308;2,02378270374721;1,24468628539917;0,714443264566461;0,877064855792143;0,648345793445156;2,1871232750844;1,22068023909286;1,19596000173403;1,91336887484191;1,36948307923027;-0,189600557307481;0,929839279764505;1,36234637723642;1,05740943459487;1,27223314882735;2,46969302106512;1,29745050880144;2,8541157994033;0,264765696561591;1,16651110582755;1,36723975283455;0,287833231595712;1,58119116533614;2,58117898459656;1,04969990317964;0,719074592340078;1,55841521709528;-1,60627446877322;1,0795528532825;1,13735241165929;2,30289296880813;2,35610833261807;1,37060356140512;-0,283771394852364;1,96192889876382;1,87148141845397;-0,289545265744628
"88";1,52642519604985;0,429938678120152;1,99660867246351;1,61682697462576;0,372515617285208;2,27821824801482;1,71049646772441;1,85508560135278;1,71325550539769;1,9895685039554;1,54122159651631;1,21484041513139;0,849293352080365;1,18627146423994;0,92068219816837;1,24378458379496;0,607684496912533;0,79025028950848;0,364724448867936;0,106755151184734;0,753047575367917;1,44284063408776;0,0551881616909329;0,930328995646169;0,734128428152476;1,50883868827909;1,87196182696167;2,17796728622888;1,23345131066411;0,103978611157427;1,86112184632653;1,70188280353269;1,44937962555656;4,16134043593392;1,8597453212993;1,72167209160003;1,13636741529911;1,84342652221072;0,13138140151657;1,08553406129377;0,94986488287971;1,67924732270708;0,657892013530874;-0,462505466669026;0,354453672760879;1,24771318280592;1,57212679385159;-0,195060926564098;0,670004617186888;1,33816911218993
"89";0,838475252223368;1,0444848692212;0,192306181910122;2,49723066874675;0,879030621846764;1,25596534178411;2,04645786913409;0,439698250295827;2,13724298957766;1,75623140187604;-0,0100806179954409;0,916419848102587;0,426724551308912;1,26517828972139;1,57336382635408;1,04067486888497;1,10871403338382;1,60987346031392;1,75073921766915;1,51773251359924;1,47206818280056;0,650708613927902;1,39538987501544;1,42041444481022;0,727598556099904;0,981545394046353;1,37394843219933;1,16080593930253;1,74924223838849;2,12174749099998;0,706704550240187;0,946016181084593;1,65407769113772;1,65989806629357;1,40178617204365;-0,225228949972725;2,30977273396419;2,57315129851858;0,400240486853434;0,465322122965202;1,72229938823008;0,891735525712215;1,25776040916081;0,867346442328604;1,67372981178243;0,865577056553557;1,53449124224704;1,12445357900711;1,06505788627213;0,682888882824411
"90";-0,486591919973995;1,05708035741225;2,01642451408436;0,384134208243648;1,55633428635581;1,49545688265758;1,8142773469566;1,6512611057768;1,15644373818839;1,77196039627012;1,53210026983313;0,638199095123681;1,32517290450243;-0,418164641386355;1,03958994201723;1,07109704810039;0,748171502880082;0,825368072535211;0,849693814295524;1,53388357802844;0,964401465339547;1,41809750636911;-0,451533196327048;1,33212666574777;1,13921337638509;0,864003432594657;1,48860484402197;1,08674808964117;-0,16811657209951;0,780849791175882;1,10571007613412;1,37399840877314;1,65104899178712;1,33989486482427;1,80132006978096;0,574927169953353;0,339254358131984;1,83838921134539;-0,766619121875791;-0,970667316661944;1,50886484905411;0,83843967593111;0,927415674925919;1,37003304056612;1,25003895464185;1,97368688626341;2,57739995822446;2,42161322165783;1,41510182757146;0,460612199853322
"91";1,34225995758362;1,23940002716886;1,02153279986903;2,42636209358343;-0,0449985386752561;1,16787152105522;0,267290435808937;-1,43847935421424;1,33740694833417;1,71191733480389;1,94334904253686;2,25325864514555;1,30259105554846;0,898884475723599;1,02379034194795;1,54867311550853;1,74054020620646;0,88737449370579;1,4101880702592;1,20095563327765;1,00618130529929;0,159780196428464;1,51697222400647;0,869165319356331;1,10004879135363;0,425137615833955;1,3081754356854;1,6248880918282;1,13344613363577;0,0366554123221379;1,6774284831873;1,61830203716473;1,85956410649169;1,42684871292215;1,74288477134485;0,940520924393015;0,943333323342148;1,81810736293226;2,56612404325768;1,52453749252282;1,02952769483868;0,230178221374072;1,63636973534667;1,38777185099186;1,90853566080796;2,25861496047856;0,845859558650103;0,8908799062232;1,35660471367436;1,7445646878672
"92";2,0102876090189;1,70969418215326;1,862961277338;1,59024652090321;2,45714946726121;1,45489156775063;2,45885305018091;1,03825587135772;2,0976223080296;0,447637430191822;-0,713472749573366;2,3489289519616;1,05614723873647;1,56242424827069;2,4916369413619;1,50880649756044;1,33434686988831;0,806419838806484;0,169223246511769;1,26443467509327;2,2522875650171;-0,137150238181261;1,47592979450791;0,867424924505175;-0,0350692773654648;0,90601360807621;1,92120913463506;1,4466109910277;1,38240877555837;1,30458893338001;1,36213574452665;0,854015737876323;1,63684359387507;2,01580334390835;-0,719434810619541;2,10716103984364;1,16499605188652;1,26475330508899;2,02592439844104;1,38204484950319;1,42565080901242;0,570481937283304;1,48961491325957;0,598905976288719;0,153959666254783;1,12818978282501;0,933078689528711;0,977421814611693;0,714942790182789;1,54280558954904
"93";0,229706130486137;0,277210378540753;1,4450992299174;2,94660871809141;0,176374858330067;1,02536546606155;0,708642347812418;1,58040234791839;0,82462059757773;1,57727989232777;1,08618512271628;1,23751998233528;1,15006452505265;1,33412311118039;1,29254856700423;1,47282351013931;1,87236646742246;0,24081345850531;0,546351424610433;-0,247759796321668;1,02511679176378;1,5836197829527;0,296436772922593;0,698757047408946;2,1002223986487;1,63311103894553;2,98896613976244;0,769984002824133;1,9756986464087;1,3105708547218;0,955378365168022;0,622983301589048;1,74764386399175;2,09753124866372;1,72458023507697;0,78104096618792;1,20314061574553;0,963815410676192;3,09380464313967;2,17842673180402;1,40352288055556;1,8037184482532;2,37570266605076;1,31644787730911;1,36863539517711;0,0517186522398472;2,32533068026054;0,518356762969258;0,917493157953916;2,12242307039266
"94";1,41088265495366;0,526399147934445;0,950765671855865;1,88724018288334;2,21993439522649;0,827864106436189;-0,26096818384158;-1,71934304304898;0,178794313678151;2,16594752485347;2,11838857842971;1,21912553037182;0,265999732574183;1,24507277633378;1,2841884447252;0,452437284697093;1,72964786333257;1,49177467149053;0,744165253968085;1,90209716709909;1,3811946230933;0,800571050419769;1,60645519241776;0,820878105569603;1,62833181085124;0,452014162383561;1,38830030319606;1,39675874755031;1,20911363357917;0,62572049829052;0,943086028814273;0,961912290686266;1,19425289601976;1,15461604911899;0,975976009729263;2,61361806343569;0,361431711458445;1,26198492433177;2,15556577710516;1,77237166086996;0,706829500028674;0,347900781155958;-0,196800153814736;1,01305252482926;0,879321679717822;1,62151111377681;1,64371925462277;0,297837119231832;-0,0613534205071522;0,481657426773995
"95";2,72772580628852;-0,171098220567195;1,64983230892501;1,97008131576178;2,44874523938451;1,26120182089504;3,10775472031305;2,14634444770565;1,13132335324088;0,982639994353116;0,294384770240143;0,320001545598143;2,96906322563926;1,00303496357304;2,07475129780609;1,87677592245222;0,619529729633133;-0,0911347184439117;0,863430837538048;1,26976248799519;1,36621472191896;1,46655938664066;1,58609534688445;1,47404160724774;1,21495994369602;1,19791706829406;0,618353910808132;0,149346237172977;1,41787705747855;2,00744838897092;0,903741553826377;0,601286865492126;0,500326113493322;1,13814904389528;2,14202543240534;0,777883696740062;1,03393623591932;1,04025424549429;2,4609268619284;1,16524752360951;0,82152002773953;1,65801922133665;0,652790414422945;1,74297820987822;0,99299870451988;1,66294657122666;0,966513390814395;1,3868070183894;0,777825824258859;0,77919272661537
"96";1,29619933049396;1,84035031426167;1,89401632445949;0,538674486561716;1,36743387156579;1,14420607880107;1,41431098171306;2,82477005044505;0,816714248334653;1,5293091795888;1,65081425229513;0,485656124167392;0,76128989698886;2,70434643526041;1,15347874298996;0,423734114109998;0,740259267841593;2,38821508301301;3,10808331705264;1,41341635828768;1,20042364514737;2,3847133025336;0,862065640895471;0,663810221813214;1,89905476825438;0,754853795392069;1,79092525041809;1,64175399060041;1,37680911329248;-0,601535133913856;1,53963483917213;0,96457328611754;1,72339758214061;1,16408730739246;0,736864067777379;1,03857955440989;0,786235500687579;0,238268688392182;0,226219977650846;-0,100013058130258;1,71473351812269;1,48126335416773;0,68715688022027;2,35195074247925;1,36205897301012;2,37961782526365;0,774253477439986;0,993375262565359;1,77545267463218;0,81276256481281
"97";2,40386532745427;0,667058685041803;1,7419863284665;1,59256437732969;1,77921881310488;0,182277520106656;1,10859047865424;1,36433376673965;1,34225010215388;1,35155730207606;-0,198826943848417;1,47669356290228;1,05771317044084;1,299662345153;2,59882951061572;1,57366563913932;1,85571834210384;0,413426582024425;0,89837051846292;1,66616272022977;0,255689241242194;1,38442766573888;2,64189203006222;0,387492268995288;1,50680472405933;0,908174195569761;1,07681357987227;-1,11605414673386;0,489128734702447;0,506468298025844;0,799948178814941;0,549345068355479;1,0027702807337;1,59070936624855;1,58629137344126;1,2754100716472;0,755089314059125;1,18178081943795;2,09545370914199;2,57732444234871;2,31175158020802;-1,30695364598095;1,10394423929146;0,752769316586967;1,24467926150975;1,76246034095769;0,926367828182117;0,0898148438005257;0,309354902678042;1,36411411773828
"98";1,81940987181842;1,73716502110112;-0,575768367249157;-0,308678938168185;0,0968072923305776;0,932805894663721;2,13097652492525;0,851709259605454;0,935683183136367;1,44782848722594;-0,60933398626617;1,22376567571932;1,33703529279941;1,7803190615256;2,0916289857686;1,44745241493013;1,06041323124126;1,18334189343959;0,768533959041958;1,35276332441762;1,01671646560488;-0,257518959517277;1,8632260721719;1,61987148550464;1,18240730276979;1,34997602116147;1,12670302084057;1,25229173095256;0,887276398489285;-0,0765938243321163;1,26747188675754;1,5320880230442;0,789769359482158;0,973007366637444;2,02714046397316;1,18123262290785;1,47576378681754;1,90655818080297;1,40863787637944;1,37818537092597;0,10843291745526;0,586014728114517;-1,3467551493303;1,28250464198671;-0,822864556738216;0,571556720323055;1,5673342338464;2,08717464222442;1,11533182206268;1,29682941370874
"99";0,90424639979091;2,27749616594326;0,984002129381713;1,62754709409756;1,14650653085884;1,24383724887072;0,0342328273608574;1,14301236807492;0,764913819712473;1,22229509813832;1,55127057478468;0,369876179146526;-1,59040961952658;1,14740589573879;0,730863632914867;-0,319413913241648;1,16243264877354;1,35850625021338;1,62482244873534;1,27499327132501;1,47145673313983;1,69271300293048;0,29150975299337;0,384184961833426;0,802464926079552;0,96317724750205;1,45207379302747;1,76166087462382;-0,0774829894733102;1,58209412137814;2,04774597756535;2,46025268601181;0,795277166219114;1,38624194306121;1,01362604441646;2,01805406474913;1,14341407426005;1,48397979138652;1,4160106084552;-0,533015638024952;1,35005644614697;1,02619175626515;1,61837497041227;1,71028606345549;1,02752639037256;2,49018635420173;-1,22185221818983;1,51513065136512;1,96039127426065;0,737928514577414
"100";1,49376055656723;2,02762375380378;1,48682525619976;1,20901661992792;1,34135029801152;1,8810759204205;1,75598011156091;1,07703300970657;2,80804544578325;1,85291662218338;1,9079862009831;1,42328573374719;-0,0848666442607415;1,06399828642271;2,1146004320359;-0,267986395903002;1,18039413723692;1,35987043035525;0,970240811825752;1,31688266278333;1,4103204138484;1,62388044605835;0,806947376321016;0,988385112926518;1,0778006796457;0,957420752709452;1,17760355091096;1,51758575167829;1,611012048883;1,62690667460337;0,691178454851483;0,471839247520826;0,382854870870691;1,87413132599577;1,18808996442899;0,47547876288608;0,0591772491358817;0,953553489405664;1,72684926565587;0,41405889018341;0,678220005542791;-0,550211698675134;0,866309643793179;0,371892028666919;0,862368951959831;1,66538974169775;2,23976147681455;1,13531902962333;2,20259276270951;1,90665575266278
