"";"MLEcu";"MLEcu";"MLEcu";"MLEcu";"MLEcu";"MLEcu";"MLEcu";"MLEcu";"MLEcu";"MLEcu";"MLEcu";"MLEcu";"MLEcu";"MLEcu";"MLEcu";"MLEcu";"MLEcu";"MLEcu";"MLEcu";"MLEcu";"MLEcu";"MLEcu";"MLEcu";"MLEcu";"MLEcu";"MLEcu";"MLEcu";"MLEcu";"MLEcu";"MLEcu";"MLEcu";"MLEcu";"MLEcu";"MLEcu";"MLEcu";"MLEcu";"MLEcu";"MLEcu";"MLEcu";"MLEcu";"MLEcu";"MLEcu";"MLEcu";"MLEcu";"MLEcu";"MLEcu";"MLEcu";"MLEcu";"MLEcu";"MLEcu"
"1";1,40209540359083;1,40121885762804;1,4228468558632;1,69720958541442;1,40128164197692;1,67746509145159;1,38369110612488;1,43955876526688;2,38561638361397;-88,3017044914232;-27,8684308876213;1,75563669534165;1,21403047763533;1,2619180781593;2,54058113526179;-55,6851416437881;1,3876156910392;-2,75868232352189;1,4611312701052;1,37005313470776;1,40149095028256;2,27443172229215;0,11664852995361;1,44084293069257;1,41027842203344;1,40332589913502;1,9802363691554;-0,178987195741405;1,6941205660604;1,40185817720612;1,40239302849951;-0,497595416031182;1,83231795430369;1,44931524379762;0,582477961018173;-8,83047445977603;1,40039791820698;1,54666371142978;1,40136643022906;1,13615460220867;1,40148632691584;1,40353073178385;1,32080918333398;10,7488546212564;20,7471858175696;2,15440960055669;2,15324306341495;2,17660073796571;1,44847516440421;1,41424768675471
"2";1,40072580466998;1,41387709766329;-10,4507827247217;1,40340056007346;1,92382738164441;1,43230539791301;62,5639397759996;2,05007248529463;1,69527128633989;13,007747321219;-6,3236390823269;1,79658066401551;25,6093356347644;-10,8183148557917;-40,4116277853176;7,92349772966553;1,5991602755186;1,65934926455839;-1,21245229539444;1,51520727857415;1,38719821558752;2,348925442356;0,609751414252436;-0,980753887330376;0,146628918084573;1,40417547188065;28,74874592726;1,40202225524445;-30,619693383627;4,04214274021103;0,0918603164553673;2,87188349115168;1,97376150949398;1,21788879386955;-0,560808869264132;1,39949697944188;0,121006042193093;2,06936970937415;1,58860147974118;-3,04397858724116;1,74878776453497;1,40395865374607;179,939247232809;2,09391032313738;1,4172247516436;1,41453730197814;116,456592368326;2,43716207522322;1,45429455074975;1,51272471396019
"3";1,52428387473339;1,40310573407425;0,753232129084357;-19,2276530741699;1,46827130320053;1,41804335662392;1,40038843935969;1,49598020610228;1,39635887252913;1,45426856725959;1,40218701345894;-11,4745099552876;1,40093495741069;41,3331589287529;1,43703546538209;1,46835662461426;0,969189422002127;14,6315076051947;1,4018832344031;1,58810282643836;2,77313318298763;1,6956190603539;1,38443372661121;1,40169634398582;41,2800123616904;1,72358409369895;-5,56791548354856;4,90222140755992;1,5227915476201;3,22199702801305;1,96192027268535;-0,754678394056686;2,0678066057321;-6,77598276903798;1,74303866580079;1,79447250103433;1,49478928819217;1,43719575926372;1,53217070577728;1,62002867830316;26,0304249499596;-0,0118556341817335;1,4232933131257;1,01536764550285;1,41128542242599;1,40208094672552;1,4014068498736;6,65704135626667;3,03633349096458;2,80371940647578
"4";1,42829383443664;2,96099551291154;1,40231996720691;1,45006120432027;1,43375296539534;2,75345054695462;1,52350510231369;1,5177964071961;-10,8205418938399;-10,5596003958857;1,4139322532515;3,09592704997131;1,39282900011553;1,41063143797887;-7,18534249084612;4,25487719795063;12,6835112873199;-0,697363900165559;3,98562930392556;1,45687338265599;1,40054810073862;1,40122472853999;21,8667829037321;98,385352379322;-78,0654314152191;2,05857202444693;1,40943339827021;1,43965257652091;1,14424562466235;1,40217053034307;1,46866953720017;1,40635904176546;1,57177984123859;1,40072791814458;1,62866202587067;1,36280812934135;1,41452149967792;1,44878952005405;1,47290805964431;1,40392978133333;1,4006584121341;1,93313959477282;35,678092007013;-6,67425274654036;-1,68219314184681;-2,45136271586141;1,3638154936944;7,20784193449957;-0,196019204641672;6,41215061831085
"5";-1,98516914723747;1,41115279152516;5,98617742190764;1,45130354795132;9,64040932902513;1,4610939028699;-6,74573057211918;1,4033289882825;-3,58018328087126;2,09274828080957;1,40151778425671;-51,3603604436518;1,43128417255046;10,6528311291925;1,4021476367917;1,63203065827675;1,51910819523224;2,16165717157165;3,97500085760121;1,44780675781086;1,39711876738572;1,41849612301613;1,67876621822832;5,06994192472036;2,79231306232696;1,53787446323261;1,69292058403492;6,30171656293088;1,41399648879551;1,16002812847957;2,44360853779008;1,83191482849841;1,40479337278075;-4,04064104636736;-2,91128125807639;1,47284780869666;-49,1059454704546;1,40264654140196;1,40246673842941;1,15255950089293;1,47544468265869;0,852817545284283;1,44599594857744;6,11404500292055;0,702521156466759;0,223859096769198;1,40166041081131;1,42100573317849;-9,69272559383173;1,48324994077529
"6";1,70447906701175;1,4104507953288;-7,35429047888993;1,39918686362953;1,39462876767152;-14,9269827243621;6,49280379980087;0,872834530544097;18,0751488909064;1,4022200196002;-4,02839232190931;1,44519817853404;1,42557836437393;-1,42657316065266;4,04796819035973;4,45106330193069;1,39501384328488;1,56164204771751;198,995389334507;-2,33952970547112;1,40059328908322;0,668365493500318;1,99222510210898;1,42222731830594;3,90703627760878;1,55462640973717;3,10235459745327;2,4864824655493;0,851406985856638;1,41002169989015;-1,87511302327136;12,5375395080747;1,4426063492246;1,43407335592534;1,42013227957635;1,39561575583135;1,40252268616001;-1,83582947421985;1,40573877213526;-75,5929912300287;2,97249704195015;1,62791791426052;1,40087076802064;0,680767340635436;1,51408968035071;2,66126624700417;7,67415324977745;1,51295940446576;2,79811773616878;2,37219484902817
"7";1,38396639294087;0,10984045152559;18,6781917420417;1,63270331330301;2,58652636084329;0,666093973893323;21,1340848089919;0,589713023702302;1,70334578361799;1,40214697654629;1,42636347747727;-43,2196125178695;1,5360270253603;-3,70336918416879;1,66687845087765;1,70695857055006;1,40251146886312;6,28176268266932;1,40237473914288;1,28812897807695;2,31977516973375;1,44749677373574;1,39418651480986;2,38802949595993;5,11274918440893;1,56693331612672;2,16050913093165;3,20273986455043;0,904864106563224;0,285737962691814;44,2686638736345;2,58218309970688;2,6612846719469;2,03047702801495;1,64113372070386;1,40468950190169;1,38375114524769;3,72541890315598;1,75298746581436;1,42339905947658;-2,61591431084944;1,48191044744262;1,40278180734427;1,54668937985781;-1,23129965077791;1,61383668344187;1,8606663034438;-5,77503054490368;20,3154567639007;-28,2359070592894
"8";1,71026260485022;1,40590885559518;-11,7337923059329;2,39813727302421;1,40290318035229;1,40636688669045;-1,38693058467765;1,57560791151814;1,65305902096804;26,1875220646743;1,94723481018938;1,40239233459643;1,39027838671193;1,22994684383605;1,40696942878687;1,79114385203118;1,41969239469868;7,15482061294116;3,19182283017485;9,81148606199837;-2,91291438084598;1,40250603024694;-9,11028766018357;-8,47834356899347;1,40651208882476;1,40400011142703;1,40364752882215;1,53286711052576;3,22063402840275;-5,8294568054503;21,4495850143646;1,04467065441979;-0,109608708448054;-7,89321510828416;0,950907928641574;-20,5569258510278;1,40131968963324;3,66236392672125;0,56723272932799;4,65305977271449;2,03753906053243;1,40075291104136;1,40141143829871;-27,4881613835623;7,57738510179183;1,64864741315964;29,0573407175374;-14,0690653961014;4,17750327686835;15,0316364128924
"9";1,41065878825968;4,66506728223354;1,40105345294386;1,4049832033417;1,40041790297223;1,41473285220951;1,9625377764071;1,40136989830695;-0,998794740959854;-4,13286331971319;1,40165333601164;1,40114162274368;1,53362226333924;1,40238204294996;1,40497173975533;1,06109192968736;-1,34905473593653;1,44729472335701;1,40330642370342;1,40250307470967;19,1176136332073;0,992656329569009;-6,73539131749517;-0,155029828982187;9,09991899704785;2,2545477566497;0,66638605892478;2,47219058537775;1,40189355663676;3,06504272896907;-1,06086944259682;-32,2445998775885;1,4102407743503;1,42002425347641;10,8633954733398;-0,592585387893035;5,93684446721936;1,42154866539351;1,41086545923819;-39,259647730606;0,657969060144239;1,41195858942261;-3,35215405058013;1,40217178173484;5,54410820077432;1,41303006080374;1,14246887727143;3,39707336849782;1,41265379740838;1,40127520164588
"10";1,40299749561748;1,41239030509434;-3,0440605799233;3,64659260395314;4,7254128605408;-6,31657945608825;-14,9378425869659;1,48494954565512;4,382878676013;1,75931964075127;0,28438292136485;1,40070511668031;1,40123472620917;1,40782867693365;1,43488184852099;1,45624389786315;1,40314421383946;1,40061473643295;1,55318692757432;12,1374660988964;-0,239859012594229;3,16654692518821;1,41456844297946;2,28565196411683;-1,84560366067505;1,44602950395964;0,201313981444599;0,599360862757558;-37,4220856423863;2,82833738716055;1,42370610612005;3379,04460615304;1,39944602029653;1,44006285142016;1,40461179827344;1,41280844192663;-4,72144483571944;-1,10704464686667;5,73174498594909;1,40606717754681;1,40097685474493;-12,3120346638681;1,43890537549688;-0,0159798402538618;1,40877860211857;1,43368779466872;1,35436493302692;1,53136864793057;1,44202733876701;0,610464643419821
"11";1,40878975996376;-6,71776641575828;1,37240473431777;1,40159457888814;1,40496926495134;1,45187880097818;0,59695256622611;1,83425519084057;-87,9043960974661;1,40218819281873;1,67673995540853;1,40600350038532;3,36802558859306;1,63502846979541;1,40621102985873;1,40932011053483;1,3594650608306;-3,75431319116936;-0,780989147764782;1,40148379834714;1,40939655505803;1,40219126582279;1,40308391824569;1,78403878241261;1,39633779673387;1,03435665498876;14,1919775961867;1,41993816890452;1,75715105620787;1,45282345788442;-12,5620885055649;0,961455858250136;4,06272317611686;-0,451290802206618;7,14898912576641;5,99621940025168;2,13447824531162;6,74661089946153;1,26705831572382;1,07370904057064;0,271619415635087;1,41869504693801;1,42668325058253;3,24663843932042;1,40798358545205;26,0307547060768;1,65583683803548;-1,23976855517824;1,40202349458327;1,40075476483898
"12";0,0171473017250428;1,38923461868895;2,61133787207954;-0,00526944364782622;1,68878580181299;1,31289743206963;105,521586515457;1,6535505291845;1,40302305155555;1,40865535036509;11,9102491512566;1,42798978371771;1,4811368145107;0,0332875446541401;-4,7461540714862;1,41451198552126;22,994954385373;1,4059857032825;1,40606861949403;1,25413128051059;1,45035424941256;-10,8453099594984;3,82239580807054;-0,658220624210216;1,4484444375949;1,1153556151737;1,2077835702649;0,767748978469145;0,831288435758882;1,40291923531818;0,884117386783037;1,3968175621609;1,43525872287934;-1,64346631268186;-6,45560622529633;0,820252432477883;1,93399920269301;1,57520531772911;1,00973796470715;1,42154046693956;1,40261736658989;1,59378672225732;1,49145474168964;-0,822074262412785;6,66847126028758;25,0925242082865;1,379496503502;1,42217387384289;0,39841517988101;1,10655134534426
"13";3,30713140385324;1,74302351214572;1,46537242468103;-2,24153865202834;-4,2304737736778;1,40198075611576;1,4025140094759;1,40435813853047;0,994620653257186;1,39691851126088;1,40434963074719;11,5566924408216;0,380567654825697;1,43337753584697;-25,8975986451535;140,918186639716;1,42002331551262;1,40571876514896;1,38297370891532;1,40523062948988;1,7132582102031;-9,95311641764054;2,78379511266881;15,9445649237393;1,4043964397691;231,544719328921;0,491265828609918;1,45940729616204;2,1662000658736;1,42241497698728;1,39647483514713;1,44354184003334;1,53411089818856;2,20092230784187;94,1238791291668;-7,13724345018384;1,42461885930479;1,4023454640233;1,40421130471649;-0,914104943926306;1,64681120665784;0,912429079945364;-0,0412969624399722;-1,17210739262473;-2,29146128682434;1,40043367423574;1,6479775426436;2,65499004422293;1,88383376039826;-2,73297862832747
"14";1,50622739459982;1,41187538260386;1,8616494513614;4,8240262809601;5,04797751149675;0,185447238233957;1,46684761816039;1,41443679964832;1,60953027550438;1,63036932957886;1,43091982586993;3,38244915646454;1,47209483033511;-0,0969513860329272;1,43476698244032;1,35765657447742;-14,1320762483355;1,53379170810551;11,4754113580568;1,006266993176;1,62291630852866;1,14020689878827;1,60393120051627;1,40984272954189;13,0328830226541;299,981503448426;5,78927294732525;2,59926558175769;2,02917998398674;2,02565455378337;1,40264128932248;1,44408066522072;0,892782295896428;-3,9290962239077;1,40829101154087;1,4050615621477;-477,597665234832;1,57476559992542;1,38519923419124;1,18251724909606;-0,405180241934211;-4,37697093852096;1,40591724440988;-9,68543205502938;0,563265321869094;1,43943268583465;0,102460646538148;6,25740480466057;1,54187540344514;0,934031027953388
"15";1,41651504427791;-0,970834646814325;48,5001247533274;1,40084143940834;1,40423656049885;-12,850927034056;31,6456321963288;1,31251484072389;-23,7954576169958;-4,02043354582473;0,897186193500715;4,56314662650858;1,40549140896067;-4,36749802789062;2,6403716040881;2,53737499301689;1,40919939861868;1,4005546976213;-0,789800264287651;0,990769131556517;1,30567074013404;-5,10826936231984;-27,5248848544504;1,28950548539349;2,05982559448846;0,931051245822845;1,51987365341803;1,40077286310776;1,40167710695084;1,11890297791147;0,950856956166017;19,8001471310758;1,49331591391665;1,40436443764315;1,99361649825636;2,22884688709809;0,887457330163236;1,40467452143858;2,94430841075473;-336,176074953815;2,26510821237908;1,9964608737488;-5,04750635809253;10,7145831155954;1,12963941287002;0,824719676202498;1,64461509059357;1,40093396867415;-4,48649409126941;1,40142956533313
"16";1,4016619651428;1,6039707347996;1,54257076745437;-2,51352698321964;1,40160594943051;7,9018681109008;1,41547168340455;1,48863148373988;1,37990874052789;1,42370003487264;1,74312964775968;6,26478665594591;1,33193534933307;1,40411115376883;1,40250464376668;6,80433029041541;1,40123385391073;1,05916218446938;245,852379501929;1,49383380785986;1,40396666758515;2,71015317084517;1,42895811145039;1,62678773747179;1,42882504388367;1,37895390959625;1,40124657304804;18,1730737261867;1,41584194632923;-16,6956425619849;6,07686877634437;1,37899575419038;1,58154845398492;1,40986087082528;0,693210652240021;2,68108293667658;1,40674806833851;-6,51958712460324;4,84137016547597;1,31911772629524;-3,00660690096755;1,51677347086605;1,37069237732924;1,90760137107849;1,40562609754848;1,34039981584945;5,14000393996587;1,42164002451935;-1,93055388382257;1,61212469800833
"17";5,51442233351354;1,40179203968842;2,80832972666232;1,38077798478827;1,56296728080193;1,59884047949527;1,56347793157337;-0,397984706419765;1,43447609562202;1,40227932403605;1,42292545318628;-1,44927325942986;1,40434011623208;1,41744104517236;1,41957097545252;2,65895939463008;1,55544925053883;1,40158541002629;1,40185383831252;1,3731309229292;1,50726751842873;6,50572928150799;1,40192907942911;0,751325749155062;1,19360842651649;1,40531402536881;1,48813942712903;1,41962764475402;0,743862528259376;2,69270737222691;1,48850762507235;0,897296531616796;1,40124478868123;14,9980976521451;1,63517464843479;2,1762305613584;0,509752691182586;1,68995526587216;1,41813255440631;2,00675564500083;112,063212916282;0,939934712117418;1,40577391900673;1,40203815194178;-77,2288182453969;1,42508226998411;0,764923490835658;54,0717216153755;1,41524852156914;0,296247848281986
"18";3,2066356166883;1,40089817651836;0,360981178576136;1,33144720471799;-3,5055753419249;1,86083677114113;1,43271088637032;1,30209557074425;-49,0615910723573;1,77994612407717;1,40191186052234;1,40355267213934;1,41299117541669;5,82902756111588;1,6318357320192;1,40057013923466;1,62465331021063;1,26000074384536;-28,4922357231833;1,54451363463818;0,477587802387124;0,939571605070191;4,49356604789326;3,61863497205926;1,40496790513433;1,53659332344297;1,40082030056209;1,51550201852657;1,4061658640584;1,40182784409257;0,894654345014489;9,36115686962346;1,43155456803339;0,443560567546193;1,44593085233164;1,40113780779162;1,66551303101027;-2,16004280422479;1,40854583282981;1,47653959661164;1,59365497282385;1,40144219458043;1,27282883130229;-5,13118180939488;1,40395253838176;1,45231680815014;6,36376800082854;1,39466745073814;2,11092474474935;3,01932965600304
"19";1,40924485535747;18,3742462745277;1,12877439904366;15,1279569516858;1,55347637880903;1,40315770858428;1,46195961319831;1,60157988922536;19,608157505538;1,41270860621852;6,60413695524984;1,40249858717765;0,659972523976082;0,555551289627509;-0,000272846643557756;1,89425497088713;1,40045321463188;1,46430686647436;1,40200027593219;-1,45618434618654;-3,30131271820247;1,40704689212753;0,935645232500632;1,44867212235263;1,95230797438785;1,88706238588809;1,06883222153962;11,7627829539632;1,55807680042606;0,937207775163021;2,67581989383205;1,41778134805391;1,41373064157132;16,8705994183693;346,955199090516;1,42253127552744;1,40024218098072;1,40525449504168;1,40366226218022;0,733765317239013;0,392719681940237;1,46830623505874;1,40254079661573;1,53940321584161;1,40988727703225;1,39957325446367;83,6371523512436;1,64176167493521;2,86139114889424;3,5917355279826
"20";-6,06024401831088;2,1656760797654;2,21608562022202;-0,0377598139977362;1,40066827416944;18,331148788677;1,28700305910962;1,41369740810912;1,59064330553978;8,33372606994665;1,46090030517398;1,58079842431505;-1,30069976392929;1,38289274184819;1,54014492365582;1,39515921501783;-11,506241664284;0,410085250594959;4,58546088599591;1,41951025865563;14,2990580859515;1,64624381998857;1,63745760861126;1,430882391098;4,53245993622664;2,47555144231825;3,47247075911276;1,54753377012085;1,102147520726;1,42257732185115;1,4015502372391;1,90005073691556;1,42096114524935;1,17735186945721;1,89499439540572;1,40052417520827;1,73918100138172;1,40630876701815;1,49935001975867;1,45744320959194;12,5979691048502;1,86440619227703;3,14730375449276;1,40381942927478;-0,622824411120515;1,4005427558247;-0,668968594693286;0,74528978151538;5,18130237578219;23,6006325682485
"21";1,73971487413584;1,56673703125863;-0,0779930771916568;-3,04682931389738;5,95838484446735;1,94071043296762;2,11922142779562;1,4157256622488;-8,49309688986524;-1,32706925619936;1,48103100288794;-2,09345101067662;0,594657432245397;1,66285037597261;1,33652008310039;1,554210941252;1,30393574907622;1,13238767428044;-29,2095793989585;1,40979533607093;1,29798496340406;-3,28465458191887;23,9663431864165;1,40976996307472;1,41527426819272;1,86482597831561;1,40431264931961;1,42572002088329;1,51128113275611;1,41739703451493;34,0033745170693;1,40352259256013;1,40168576927011;1,40322353022766;1,51853639395802;0,893717298438751;-26,9897171613116;25,8119656794332;-2,21379728393739;10,2512035029039;0,556292891251791;-0,58454951309231;1,31394818698102;1,40919740529477;1,40670983150071;3,40660926180733;0,766462145704239;13,6265192970535;0,56870369149328;1,41551621387368
"22";1,09414965264731;1,4031130619293;-0,0713533217798208;0,404956429461;1,42824892592142;1,42821217916648;-3,86085935024622;2,03629825217619;-68,8524714386101;1,572013301752;1,62414525615706;1,95685938459735;1,81314975935739;1,60939579416929;1,40077131162724;2,8237233903567;-0,127736802735829;1,5951007237656;-24,1549255498213;1,40461073037222;1,83581012149153;-1,56548836201016;1,46086302995443;1,40839566754474;-20,2598409528475;1,86656910454371;1,40237848952835;-4,22349793742508;-13,7436760472025;6,93868845823205;13,3224158453098;1,40994028233843;1,39142007210077;1,4017492205799;2,25496486907388;1,40456929230839;1,44935039757173;0,840711475430458;-0,225553824389255;3,13282736534007;0,702150441453199;1,40173057734599;2,07836066207991;112,961344542255;1,40244214456883;1,4016361053355;1,42293120879526;13,6015826870765;0,542276074411539;1,44475139684858
"23";1,92935115773456;1,42259724468645;-3,79246832279097;1,73576816919167;-11,4008543699335;1461,92256019141;4,44308601114998;0,819218742604066;0,690634929503518;-2,31430600276464;3,20787102569764;0,584835849810355;1,37428635399402;-3,26754418555074;1,57795941107594;1,92614722626359;-0,943285373501091;-2,62525962380873;2,09991316582469;16,5986979644738;-1,2523620511569;3,47766236201795;1,18755022864922;1,45244825839323;0,949190082076251;1,74594401001546;1,4007086681482;0,331143667572126;1,38368929191012;1,38160593964044;1,43084800531716;1,25014783469958;0,217566134767495;39,3954249104639;1,40376175962339;4,20586183497187;-4,2063750578971;-3,67094766475092;1,47818501149607;-1,52141205927371;1,45465111789117;5,40579064638501;1,41448122024512;1,42839873494786;1,57729495065782;-15,1483777229546;18,6797725044168;1,45690059646529;1,47811116176881;1,40950198440057
"24";1,40144187105588;0,568351882594615;0,423700235823002;1,45580124887282;-0,12424783070303;1,44649269102555;1,13744510879536;1,42740500191376;1,61278574179362;-3,36314598909265;1,41417934277341;1,24013254300519;1,35572616377704;-0,335351539634251;-3,14636799728534;1,40116386289873;1,24124829731115;1,40788352802944;-4,04577511119163;1,40491433560426;1,38800190456536;1,46129562143861;1,43436391518577;1,46926589531603;1,48288733207247;1,40447854986004;3,82920924887778;1,72281372202503;1,40547717900001;1,3959600417501;1,44783023863268;1,32637415025966;-2,95660628219242;2,85504351045011;1,4758887032973;1,55826940746508;1,43247391075327;1,40114268310876;1,40562472788197;2,92240577628046;1,4092643933498;1,27448330233533;1,52807858055324;2,30895873415872;1,4013081433168;1,38777285630253;1,40682645150514;1,42782778790663;1,52161626038646;2,77297998269978
"25";1,40074743622123;1,39954348172448;41,9155552718674;1,4033042715688;1,35229954633792;-1,6828743276379;4,73473630687286;1,39918568255729;1,5577358148787;10,0019744323001;2,1346297702413;-47,7148278990873;4,59208989944159;1,3955382447167;1,44738582429847;-0,213143613269968;1,8971036407521;1,34901428550494;1,5806922273542;1,99217097416521;1,45678349836411;1,40265150582753;-13,5248092308992;-0,0585835535041284;-22,6029969241146;2,73733235436575;1,60819049245776;1,4069170633526;0,88304834351932;2,85305555918966;1,40017654976706;1,40883192693988;-44,3670433259369;1,42343309274524;1,57787147192467;-1,2211259264898;3,51475299110173;2,08785949491212;1,40282877117212;1,46345945190676;1,44651933798208;1,64417299426274;3,27958037257576;1,61968773666103;5,81546770524152;1,46802131569273;2,00469099071305;0,615853367803568;-0,165066975201363;1,40206882358294
"26";6,14679791863435;1,44863424529503;1,46033412515309;1,78014640392453;-57,3218039700738;1,38547816304377;1,54822595802914;1,52656024377721;-0,259253847139661;1,49438668628521;1,40162178268975;1,53809447796881;2,93630355646231;1,40089819782667;1,40490404810124;1,40236352635144;1,53444240820887;1,41139594526207;1,63153921708738;1,47710096016492;3,4498108976282;1,40432278310325;1,39093836242582;0,478109100196408;1,40135392439029;1,4008862861209;0,68849458264545;1,41726854873236;1,74107619549476;0,876855151961488;1,40153118708658;1,4098002614487;2,3817483400987;10,6783330173381;3,01428795077717;1,25969419731758;62,2317077953296;1,67363274160577;2,18285594660511;13,074989291453;1,42203430716401;7,64394312528659;1,23214957768856;-3,03737814796495;1,48672204683208;1,29509293023293;1,40837007338762;1,4014204954951;1,33412772340162;1,40087725176457
"27";1,84634942028126;1,99676750987562;1,53531557148468;1,61882147065438;1,400914638191;3,22177525795159;-13,3348223148487;1,50646281964528;1,40529840441687;1,40199988454017;1,41114378833553;1,40324401703459;2,06499562678094;-42,6578484806619;3,49195297911266;5,09143652824832;-6,13249732729016;2,62498007651877;10,2633149221752;1,40356116762724;1,68295193513538;1,55038728860888;1,40137486440712;1,43052573778214;1,31916019051777;0,869250379319637;1,393195686194;-20,6403883907299;1,48968006776264;1,42473195451725;2,14234948110488;1,4031564975345;1,40116543706151;1,45721351555133;-0,587459955236898;1,31783024159023;0,439004815724005;11,1864782774238;-16,0071118542981;1,85452558521942;-6,54635082997704;1,49821357321286;-2,01763620951148;4,21647574798377;0,898281123369828;1,48938308964417;1,41800912757735;1,34622137363987;-7,797818951475;-56,8036533244755
"28";-0,604885218120257;1,37981731435927;2,4214275859352;1,69599221805873;2,68627156034083;-13,1954531709201;6,01239527243709;-2,30248247550278;1,70121627436393;0,277946503883647;1,75635795012033;-0,394503065497705;-2,17888276255141;2,54951353445282;1,41543573068793;1,41939438244197;2,00686548767239;1,41712428731432;3,69044578449468;3,17361821500803;1,38960075544181;8,26274527971012;1,44772051504436;-0,877483379130149;-1,30518840634585;1,40319101898232;1,23272893023722;-26,7869800831384;3,15214739824961;1,39422067603131;38,3319682761291;1,36932304047149;1,43900336158348;0,661640953814898;-0,803791222092821;1,16853462883805;-2,88543013586392;-3,0418990692003;23,1141216299957;-2,65683131393708;2,18618374056858;1,40083350730265;1,40651803194905;1,59399934396996;-0,1915578089395;1,41844679977613;1,37858025650028;-4,13743559490284;1,37840353913405;1,42800448167265
"29";-22,5257818456859;-0,282739324442026;1,47195762562646;1,4016617053465;-4,60260957574752;1,68839138709212;1,40937296407134;0,302129057407363;25,631180758145;1,44925467294112;27,1963617026646;1,03948463599438;1,37950754496843;7,04400478313001;1,39116308278036;1,42445084067078;1,64636986416816;1,22101324122036;0,811108018010836;4,64049501446072;-3,00326860134287;1,4327127548935;1,62692386086452;1,40620650456814;1,42830693545879;1,46599455631721;1,87577858459513;1,47627722111564;1,39237831150875;0,509845400483171;11,4218968395681;1,4528183488292;1,82805983111009;1,0822265141247;4,18438477190158;38,8924588794358;0,473706512447039;0,869541316520161;1,40236569953955;-4,5861732284143;1,44300527742796;1,56525782252479;1,61006864963522;1,40426669567623;2,06868667583375;0,0413117510002294;13,535075545597;-0,41877604879839;-1,83989866671072;0,676229811413403
"30";4,17417206861426;-6,35264767171092;1,49709328225376;-12,6432693405508;-6,00561609429571;1,65431511329399;1,4300522882221;-7,10149124422187;1,37341010283647;1,4001139068011;1,40043097363603;1,40632250561218;-2,83580176610525;1,40481800633192;0,957303449361956;-8,79795374641105;3,40861673645616;1,41584581969719;1,37699856859505;6,25619339060564;2,10250304374499;4,96377286707277;1,39965411493876;1,49496023984155;1,42297122438284;-8,17754770225247;2,77609530671223;1,42134339363366;2,73478985353355;1,40387334007541;1,39794832566713;1,38714834043057;1,4053131576044;1,82968212514186;1,49513072685054;1,5373343962091;2,76168253456981;2,41396583255257;1,40575766556807;10,538981618215;1,83024511817278;1,41148063278349;1,29115030447644;1,46330859855896;1,42778089588687;2,8590451124542;1,48591153993323;2,10504989135166;1,45029933881801;2,04658589246645
"31";-125,632055355791;-179,544242946624;1,49170138002613;0,199904723281966;1,40141261194211;1,40271713910031;1,55996461461739;1,44526572376375;-5,0271049631766;4,06748940156086;1,40238185394933;2,85587767990315;-9,72797954981505;1,40093556006558;60,7404201872031;22,7530692894013;1,40197787545164;1,1713111290336;-16,2551132756571;1,40125607099373;4,89178932079338;1,67247740314185;7,90760725892567;1,68071626917142;0,947273106838544;1,40378196767481;1,40418485434609;1,85653593424402;1,43118818696277;-66,0570660600881;1,51075088241793;0,271985379515376;-159,887370253957;15,9727614236237;-15,6502067015364;1,42671103095316;-11,9565620996817;8,74283038773539;0,740127075934947;1,37610525092651;1,41365038219415;-8,932669407701;1,44390348120306;1,40824317418951;1,47327543226623;1,40057574496088;-3,98428776430111;1,4263167848716;1,867943018532;1,05579067626386
"32";1,40119341015268;1,40738456329291;1,47251649667334;-55,903846802134;1,4049663503151;4,86653360953509;1,21646310199645;1,81597480063948;10,9664900194057;0,94333596110696;3,13060365163741;1,48096498733449;-4,5843439184721;1,45409461266361;5,7032655713743;-21,8399635505518;1,48282785408561;-134,414059784974;3,12652198238978;-0,112775430207137;1,60927985121272;0,574032840402693;1,54143139546095;1,40270013923811;1,51839975830673;1,41727761407294;3,85027825958104;5,11243832916453;1,76022458010602;1,22473054652223;43,5607168640139;2,24517323830161;1,44827972889454;-0,96854397461528;1,40855669514323;1,40613523806251;1,58596125988313;1,40932103664033;2,29654570388725;2,83956282018271;2,19810558089821;1,40589082013925;12,9032879414235;2,15251488378907;0,403921251261627;1,05397918440843;4,16009523410452;1,54983437360105;1,40628152415193;7,84623457259282
"33";1,4004127131637;18,9615135952363;-13,2242562843288;27,4655193537408;1,41434481847019;-12,0410560194511;1,39805358220296;-0,493671429778528;1,40207733147972;1,49165581080778;1,40325000743293;1,71415246956512;1,48756023398115;1,41111864252634;2,52775683344471;0,912209419954905;1,07279246689189;1,3721723864729;1,4932425876754;1,45271653669679;1,36388855548524;1,42406155263077;1,4487523310292;0,790980662876024;0,601744151445566;1,41256184439427;1,33759901494519;67,550121953601;1,42129492145442;1,40154203014099;-62,0955397666821;1,40190348404918;1,40186473454455;0,70602750276524;1,40711548330218;1,41223230661;1,86397855355159;2,50070100874834;1,42629917574502;1,40661614513258;1,45188905801376;1,40044847463771;2,63698867221659;1,52397095193247;13,2748768091735;1,7907851665749;-1,61555770669865;1,4234033292219;1,43901749788937;1,37480781488919
"34";-1,32857637533353;1,40381779928241;-0,441652921314574;-6,83012425434723;-2,02194965170626;1,40096077763484;0,776710157298873;2,55664886944244;-5,34478868096249;1,40769766973722;1,35630605998569;-0,621248690717614;1,44943618779401;1,40045524156271;1,55055549341772;1,40176638007749;1,40459433831409;1,54419075813462;12,3922677621329;-24,1152311100015;-5,99746668290992;1,41985290561837;1,45764516570592;1,42444773019881;1,44671502329545;-13,6103790620093;1,60132804803637;5,78130332950778;2,09317444981152;1,51869084824445;1,33376115664281;-4,788004814126;1,30486713427067;1,61925157461901;1,36565850212272;1,4737123408635;2,13198518766501;1,44803860521003;1,52020766009877;1,02429101630384;1,43610779790822;1,42853073513536;2,47664249285548;-0,0816898076294663;5,63663698802144;25,5120448253904;1,41800847373066;1,41977491266236;1,36595256760966;1,42758092573473
"35";1,63863590741448;1,36181896519871;-0,353189013765666;1,00714062830232;2,8214141683107;2,46079583890673;0,585268541940151;1,40677944797328;1,4541379316141;2,12963516992971;-1,58813221077053;1,43524434105313;1,39430321186616;2,65838586494265;1,36555420562462;1,46662728013389;1,49396471462427;-18,3503158258501;1,57825538901521;-0,890626909005618;1,42955668527797;-2,15326667681757;4,01103322009631;7,51605094606217;24,0345722420582;1,40141668792022;0,559522995435366;-7,97792418700063;-10,9145199582287;1,40506995173214;-0,261952503248115;0,713771764837597;4,34504244646293;14,4881117780943;1,85545307265037;-22,2523477273448;0,884096387802694;1,42741411257243;1,46671142925225;1,44430563398196;1,45681798572908;-6,92100002564595;1,40633252788288;1,4016717479449;2,12222440896802;1,40281842253207;1,51500261790636;1,5236791444523;0,492099916404631;1,44959627211786
"36";1,98274047268697;1,40137125863837;1,88700640115504;-17,9685055658369;11,0319781696884;1,41779709708506;1,6053491028377;1,40716440405189;1,80202938131757;2,39180808878957;1,14312610035112;2,01831278887124;1,40574357847729;41,2179445298192;3,35471232759897;-1,66079401084737;1,75641252561955;1,42568644472101;-9,11920641078964;1,40416573941434;1,45041978272857;1,9008848591487;1,41070324154824;22,3387583527783;1,40641349203773;1,0341903365855;1,45034912531913;1,53447002058296;1,45678428348683;2,9157133798683;1,43810993595991;35,1875723269433;-1,83896297631545;1,40572800291142;1,42334937135072;2,13783912452346;1,40150821220649;1,4050499763925;-5,67726043411022;1,39581157247269;0,41562927462066;1,40160009558936;-13,8414896853596;0,750070265127795;0,982725471607627;-1,3061771564245;2,88394777802738;0,70143993251468;5,79886713912435;0,394361784058864
"37";1,40143289106731;-3,38009897726876;1,40168232843304;1,40164119860809;1,22077333471595;18,453349491613;-325,053302164876;1,95208189215788;-2,11004838031948;1,08200860951505;1,40597125804735;1,41543984657551;-0,290573806041015;1,40575624457464;0,951008190538396;1,41481571268947;1,40086694137261;1,4203829303298;0,587575954356822;-0,526415660294692;5,41066284338887;1,4094262845716;-2,39618876796604;1,43225581911421;1,1384294108239;0,823710230183931;1,48181365004686;1,42128342074275;3,58288643589358;1,1021491621274;4,14814233524337;1,40246201989562;1,66698156284376;-0,0460475903807431;1,66731525375068;1,3783346014438;1,40132197304904;0,245048448997857;1,40680075476005;-1,5855145223864;1,37894977960816;-6,04591060837024;-2,33548276091707;1,12346075542168;1,39965570543597;1,44187019955788;1,40304487848811;-6,19892517740659;1,43694337654686;8,18812878194245
"38";1,52846173456867;0,860636558824121;1,40133489526383;1,35199205979258;1,78743081726974;0,0434240539590434;6,73603467729632;1,39316025567427;1,21200132971041;1,40098992727154;1,40088788151867;0,886157402471344;1,40810379372327;-870,125567505146;18,5039072096052;1,35430828994366;8,6662429537315;1,40203506226052;1,40653840861979;1,55240768014027;148,087233984656;-1,21898048334652;5,65274382729245;3,44179496072785;1,41424152586609;-19,0890895835018;2,37133665258001;-63,3222454703284;1,40255102766081;-10,2310324307544;1,41392594668574;0,486766984055656;1,98309263029889;1,45281360041799;1,41862004428503;1,55895656605552;1,67455266088641;-3,07345025300374;2,03604695015642;13,5315368598625;3,44050651752593;-51,6115801106538;-1,33525677786605;1,40176992621245;0,178924140620047;0,113070359496621;-0,149195572037581;1,40062350125547;3,15916249923643;0,65706079517109
"39";-0,323752235403084;1,77836263509364;11,9010385470067;0,644040876081277;4,28686341844395;1,40876380978121;5,13753634752413;54,8325320992757;1,40112564126031;1,74527082470435;1,40936703172239;1,40200344851168;1,4037795974125;12,1079261097775;17,1680662997243;0,557400783511481;1,40903164614242;0,984381216581337;1,40032409201811;1,95803494698963;0,434897241127301;1,40032703089966;1,50343616036024;2,94293888942178;3,49459039069172;41,4063209191462;19,7993880955767;1,40319616070501;1,40044255524809;1,41285934530243;1,40042719416804;3,41365950848889;2,01679370537755;0,962051742963432;2,60007957516141;-0,415393911483335;1,40258380530491;1,48362613816204;1,03589322754119;1,03702230489109;1,39134182019274;1,46079083109288;1,47530901181498;1,49278650607519;1,45744826209524;2,06666747050192;7,45809022045444;18,0505635944336;9,65157006042815;1,46518258491926
"40";1,5536484659844;0,533647086441565;1,2945905352028;-1,39888613059866;1,41243082335114;0,902126794749633;1,44352455679319;1,98106573983738;1,61483898309621;0,86773589009407;1,45315526711129;1,47760656360747;1,76131698888028;-0,56113767408958;1,43603816160106;1,44180932717291;1,36281883332312;1,40337351466688;4,05439035283435;2,40065508042607;0,447807896892802;0,691329064518872;-2,67922253532555;1,40103855126297;1,43184126108308;1,40191471577217;0,301653477975274;0,627226767862893;2,65196833936818;1,50787223802632;1,33342696855688;-0,519372040212771;1,40358046996956;-7,59385379846585;1,43284571887322;1,5726166449004;0,0261539254460423;1,38556578495309;24,8511801592838;1,40908906686291;-2,60333053394129;1,44779133416146;1,59505224143238;1,40253372398591;1,37214837842562;-2,72964701554132;1,29093431058814;1,40087496950266;6,0763189110104;5,92303171876356
"41";1,40330064248456;1,40145475611002;7,30052283487372;10,2557578592271;1,84223239398553;1,41191998627547;1,4141386102719;13,8422374417727;1,52959706924849;2,50562015616173;-8,0046095924888;1,40527835596253;1,85686595043038;1,40437262826389;1,75577039370416;-1,22284876368129;-2,95092363042165;1,41682162069654;1,56197591738164;1,06517799892146;1,61310316326166;1,37507932502736;1,39668469310318;2,83241674044305;1,40361486485918;-0,0913646424582151;0,301309188759404;1,56982456485516;0,569350773094877;11,0722539393667;2,19595789499893;1,40401773160656;4,63171182359086;3,830181848836;0,748461889932717;0,886260657790192;-3,03173317525365;2,39827425321696;1,4037385675319;1,50470232933274;4,45380449053608;-7,97623892101586;1,52778393126347;3,60700296859272;1,43555669748635;-1,03039482395996;10,7086083109831;-324,314513479858;-1,03466956975178;1,82468847669556
"42";8,40149324169522;-1,2743750029863;-0,95934909303557;1,46502256903123;1,40381301849418;0,945867241422255;7,18908714467793;1,41498351302103;1,39712558623491;1,40078300906532;17,5456873215055;1,40665506728081;1,41860500361068;61,5291266829823;-6,8201864478655;-1,45281926089335;-13,6474696743248;1,5271211652849;1,46851946755034;1,52115055451044;2,8202923793767;1,40079629076115;1,40113344712923;5,65771847609652;3,25779994975701;1,41787168807958;0,920058180681446;7,70908301561285;-13,7248586220977;1,41371686874621;7,54175844687904;4,82784037018251;1,40097680084687;8,15482147254185;1,37996280466076;1,64656297187234;1,4016685642632;3,40543900559494;3,11177025857116;1,40608853794515;1,4620777430791;1,68741833186448;-16,4754237839418;33,6503403695481;-13,583126551175;5,84105928699722;1,41715086796842;4,65681729386416;3,09701771686502;2,05061897729193
"43";3,3268451386978;8,52217522193148;1,39025508004794;1,31350570377797;1,40204786767379;1,4056919692425;6,81589303713808;-0,645625595854922;1,40324708871031;1,42576342067547;-2,53107796426015;1,40356683836274;2,54585984605432;-3,37534590440827;1,41268147770438;1,25836759787852;1,78678530889134;1,08800984636265;1,41486038661625;-0,356112677605736;2,60435786865729;1,40224684137952;10,6977676772218;1,40568671357959;1,40823856984922;1,4093369488093;1,41337963994445;44,7448678620457;1,40251711135447;1,2857305615707;1,38418632925059;1,40301681888196;3,23407434585433;-0,481519287905588;21,6074056013253;1,5840775523117;-1,71354392991972;0,682892756208773;1,99697331660994;2,40467560705362;1,5217994223085;-7,04161057937311;1,63892243152814;3,44702387014383;1,40149094815089;3,47323741082843;1,40247706695459;-1,95837663433945;1,63142466571437;2,67229119379074
"44";-76,1733541212177;20,4042647106803;1,36653302378723;0,954160943535498;1,45770418815533;1,36302665130159;1,15712442615132;1,50213967877773;1,40312222467453;1,43177468318813;-2,93888684872369;1,40304981256035;8,33498758511968;2,92973530170504;1,43714133413441;1,41606684322064;1,96153341523168;1,19814151306625;1,40221617896999;1,36644506805001;6,57219508748751;0,901909751879605;1,41575693379427;1,40395774084918;1,28486237425143;1,40594062267305;-0,0014733679823733;0,723127739123097;3,02585675366718;1,43796816653758;1,3871334439404;14,690445597907;-76,7257617487612;1,46433954825116;1,39694821960996;1,40766545091535;1,51922032901742;-13,7256478822741;3,75015910007187;3,55532023291812;1,40227161778402;1,21599355412261;2,33520256455395;1,40822368757187;1,53923906809288;1,37318527315465;-22,5845102780796;0,174665790264119;1,40329743627169;-1,96048985032279
"45";-33,2911485147653;1,41288742214131;-2,44604270342712;2,72992456228251;-19,5947047371503;1,03934768458258;1,16511654099091;1,40070262761415;-20,2217199635113;15,0162489726178;-7,88785241770081;2,88464405897074;2,07042818774198;-3,12179119022423;1,40261473765139;1,49375741881085;1,04780409737552;1,41495096037256;-4,85139892755076;1,40595110516082;1,40474879846613;0,925370054772034;1,40370995872307;1,42464927355515;-0,889000934865606;0,757387525280087;1,58113831840226;1,40197171082791;-3,17833420344281;-65,5035447296867;1,52461669843611;-0,337280231274982;-6,14965257938109;-9,20247563781515;-8,31938179636087;-12,2977834630369;0,5789891953407;14,084286443656;55,2033275780394;1,42149644455693;-0,148470158201341;1,4159551587002;1,48314610228776;5,4932450472324;11,8983288195747;10,4156287020069;1,7541954562218;1,41415490725916;1,42199585733008;0,962862270438874
"46";1,58796347662388;-11,4979060555496;5,71746827773667;1,66949963355739;1,329735482257;1,43356051792047;5,91553374602717;1,4002557742279;1,41432793008478;1,40072620793687;1,41909724676953;1,26835043872013;-0,71568413928078;1,43267679168154;32,381623691568;1,40610210021966;1,42905486106428;1,42195520035624;3,10554309539297;0,168297273878328;1,4469389733519;1,36850084180125;3,03024314275717;1,21547531303526;1,48356952087836;5,25781552171038;63,7791111917199;1,4111538169797;1,29369570492349;1,47887852513584;1,4741247737044;7,46309218361336;1,39457703554645;14,5829171156932;1,40519164179463;18,4628106127619;0,717363377844848;1,40832389282584;1,60883539469461;1,40180472292072;-2,89892419326132;2,02244900756761;1,33818997972234;-1,62801773638113;1,14596284538987;1,65534706751957;3,872421131218;-3,97723850690271;1,51998378904842;1,41583453510293
"47";-0,351607968492017;28,002923058555;1,40265894239429;1,17019386395927;1,40592336995284;1,50920654734632;4,60936547866586;1,06994566202211;1,40075124501646;1,59943291060939;1,4042614406974;1,40497811054498;4,44994834893123;8,94653315485681;0,0687453640833287;21,0193772522534;1,61891723152201;1,40156992244515;11,5739873313587;1,62043769098518;1,40083071987239;1,40111942506957;-32,5679319511494;-7,71586259679935;4,36049082485013;73,9365628901388;1,40988260376388;1,10247749485853;1,55805319579077;-8,61758260722133;1,81048076706065;1,24888713770533;-28,0570938967013;-11,082906787257;2,19399274828317;-11,4995854402685;1,40199424969995;2,47863848207533;-13,4325750924033;1,45565239726497;-1,92101514968022;1,42421908169642;-6,13702476913123;1,15830428737526;-0,35605848029682;1,60821811596319;2,12860513641292;-3,50812138926207;0,131185064374691;1,19307759947258
"48";1,40210706392956;-10,5015894351684;1,51703408760961;1,48822498588407;2,37154504759414;2,44472393766818;1,58476787022894;4,22514907438274;1,69535777918318;2,1284764181841;2,69796276916303;1,40217650653432;5,39903806744817;8,1388891097547;5,22336468585851;1,63285309791258;1,40488227546363;-6,81641817897278;-0,649209300544154;-1,83473062370813;-0,57359901805718;1,40185171186972;1,66905796213748;-1,97231903844778;0,993594857041994;1,52896018614688;6,12488457787307;1,42176720815513;1,49961552409204;4,52233911935669;1,74665835569305;2,26562369699997;1,86805856818313;-131,939702050283;1,40291179960153;-0,153438068357916;2,59962904134999;2,07956375577061;1,83272053349161;-7,81350350027009;5,43834324127343;-64,4477852701905;0,776063041213224;0,991708683420207;2,17317631587172;-0,560672530542112;-5,90527389791652;4,74919871128316;1,6913274689372;1,4028183667431
"49";1,09486176464189;1,71989168601501;1,36099781994107;1,40074610087212;1,41083285741694;-18,6700533779172;1,4282102389742;1,62814908355235;0,698442994463096;3,83566821226625;1,58350452972444;1,82389065726975;2,84312833099791;-2,31891430038268;1,41575394737934;0,943060909797147;1,60652964330283;2,53060951367994;42,7348898677651;0,248220155371865;0,891886821258772;1,40151159540511;-6,62005186231304;1,40065117563126;10,5125191666373;1,40756677731924;1,40247062654689;1,40119703099677;1,05314669823764;1,47063681597192;1,40436781123144;11,4359768230678;0,228542677639228;1,3184598928364;1,54226776984693;1,40253219744093;3,84280222076401;6,95470131186126;1,51462067404659;1,49341248933467;1,44414534346688;1,43141824081455;2,2988975840807;-14,4046090610994;-3,88354425380085;1,42031376588121;-0,563149016966594;1,26890188965042;1,28513878131476;-0,651945899002268
"50";7,10490020879433;10,8315006873508;1,34549389150869;6,00614476761031;-40,2536021633672;1,55132145531093;1,40335128543836;-56,3103728216216;0,174841662947846;7,26551390712012;1,30685282297419;1,38870355930814;0,817246197870007;1,88324273171644;1,37750232197545;0,964129550544778;2,08039861484592;-13,2942693419584;1,29444015057638;1,88494714550837;1,44112412382182;-13,9641313919298;1,40513304090776;1,61876246706238;-14,0405719954319;1,55873348688722;0,824589744724035;2,82537367831689;1,36873366158039;8,71034752642073;-9,51457908459328;3,4857271177845;1,42035013474298;48,6927011185917;6,09319164144651;1,48354233662947;-2,33937495447516;1,08096959171889;0,773601951627906;1,79459430702848;1,79943066513395;1,40217920754964;1,57224914559693;-0,488889431499349;-4,06723994908219;1,38809965380681;1,40124864343285;1,40247764070248;1,48508308579548;1,40129887372283
"51";1,40657019201613;1,45265304336217;1,55987379892017;26,9314547606297;1,53469025506455;2,04478986833411;1,4028353148533;-1,95160000530384;1,4098293433176;1,41681754088662;1,4056480299041;2,88747709378113;12,4596944900732;1,49839366019359;4,11074255969469;-27,0528520693631;1,68579664553676;-4,3186326609636;1,42798935118384;0,687452675591044;1,498982243693;0,166920277247286;3,19957308475406;10,9045504528794;1,37217536531574;1,40162043744629;5,06128698828914;1,58063591069523;2,34301828785641;1,40233244608675;4,5357145354389;1,40053555116488;3,77907511775159;0,751808445035577;2,04343036122885;2,09684116512003;1,69159049304659;14,111826889303;11,2438568943122;1,43743666561149;1,41597452301282;1,53825149037064;1,42794503774729;1,40787431367659;4,31538396514783;4,99854268396779;1,97151585079389;1,43815476271949;1,40295765856014;1,40114203792742
"52";1,38537646526824;-10,9634247499565;1,40450383199228;5,88153649712952;1,26166849249766;1,40835335294366;13,0753766668262;1,42602324285988;0,941681490766006;1,48929780252637;2,74110845190572;6,81172573589702;2,13473735487105;1,45291523223221;1,38191052629357;1,5604827399632;1,41067891953106;0,721219777337529;4,33774482236798;4,74020062243624;0,935464488037158;-4,06573903153801;-17,9786108658838;1,85903683770809;1,76344854178963;0,726833929855932;1,41684846002881;1,40219799527816;5,46649380978635;1,8252940916076;1,43171662172596;2,05123890699615;7,59357876769385;3,47186529248854;-4,91163065498312;-11,9061061436935;3,67504875261009;-5,95331817431197;-0,730914976485909;2,49969615681476;1,67415157439548;1,40332245459331;1,45116151220392;1,40254926305043;2,64941198065637;1,25086855765185;1,39722123255844;1,40210834863447;3,81033825752598;1,42078801479191
"53";3,469854044403;39,7312792043741;2,84317214728611;1,41289207914658;-16,2196968783633;2,04896118967677;1,37999230051165;-67,1908469164316;12,4888992011957;1,40516615441523;1,44882412183461;0,780551481059392;1,27468168889445;6,57847450609331;4,82340670196555;-10,3415518924346;1,95320152383651;1,43798654155865;1,67049707621377;1,37938498581826;-1,50716727044929;1,40492659415525;3,58524238222584;1,4288773638062;1,25579553970372;2,31482752205737;1,4017747208188;1,40761253131014;-24,169522073247;794,944157111371;1,40905508319965;1,40983663427032;-5,01750507156538;1,94224703262749;2,57546392224241;2,04252733048807;1,40557648074465;1,41722200457626;-10,7828633926598;13,6009599902638;1,52200452340933;1,56100754483519;1,47270778447461;1,38884707134361;0,231757505607305;1,40598976379952;3,63659106256363;3,7388581634459;-5,67912489814971;1,40248562303503
"54";1,90164078903549;1,6018721362303;3,23956391098697;0,116532029097034;1,48108621113219;1,40569367896936;4,21172424595162;3,74120726925027;3,64723853466201;1,95743522876659;3,38105098012372;1,50871372444694;1,4010229937618;1,41899631171686;2,86122743435693;-3,89948074017051;3,45523720626756;9,01202254222358;4,99103384678787;0,511714556184674;4,67411404019533;3,89113163669913;1,85337260056843;-0,709125934441685;-3,7598805860748;2,26915259803576;0,774534126976915;1,44522898235047;1,48514515829835;-10,519610254004;1,53797873730621;13,6723039056169;1,4079635553209;1,957366541244;1,4010400608315;6,05809703862628;21,9830702712523;1,5336217981337;1,41203404902706;-0,946114998133758;1,50438221646217;1,40226621336761;0,770559422381296;2,34588163482121;1,40100711294488;1,486697084378;1,45992232919618;46,4467172217069;3,40664723746916;1,44139081060391
"55";1,40135753203832;1,56893485846029;2,66716364819785;-4,80264873822403;1,42432797691995;1,19773220388286;1,40798381227833;1,42184551182082;1,43320779930015;8,22921498648272;1,40069719015554;1,3184799098148;1,39379888591111;1,39595632193453;1,54094091951791;1,59487083109056;1,78769568244489;0,107081956230436;1,47052314291088;1,89798297575677;0,222353062862998;1,96807140433806;1,19878595735808;1,35935276958731;-43,8618728048543;1,4067097039311;1,75257530407713;1,0182834652521;1,40211656380304;3,97068359225898;1,44891934175174;1,40747911371281;1,42590829117625;1,61687608748024;1,43474672297779;1,71377982738685;1,39756641305283;2,18722570611335;-2,3314249266511;0,903108745391385;1,85611556073377;-0,0314746078450696;-14,4914168208321;1,54378826518403;2,16824909318639;1,41459488190873;5,34330911147288;1,82547127467323;13,7425292604372;1,6214100293683
"56";1,41605266118557;2,66892265208952;1,39937478462766;1,40613834432746;1,47946260682431;1,4025285814782;7,84173122319725;1,4014262265043;1,38537991085595;1,40204266903182;1,36257892027259;1,40175022339823;1,24100257411646;1,41074736183027;5,54797961705325;1,8088180340082;1,59968270014321;1,6151845515532;1,1379385601938;-3,48863516688245;1,24488743136514;1,40910881113992;0,271559408405208;7,88766134717779;1,38504475538488;1,4029002636368;5,95156843990021;1,46015306078059;-3,36602297945317;0,177500136983811;7,90386137851899;9,38674633119083;1,40112796907531;1,34248996349688;2,24192514781102;1,40926848220525;1,40123021386015;1,17813565582867;1,40486890818157;0,782520972251724;3,19288846731416;-26,5541170949551;1,4056348129925;-3,30690017704318;-1,74691986338664;1,45989276429853;1,16432493659535;0,25485467227622;1,564552058004;19,243132573541
"57";3,23205247633186;1,02744460956122;-0,862466146479228;1,56860799671532;61,9575414275483;79,3007959043462;-304,667974035962;1,64312189892363;1,40184814650581;5,29385539768623;4,05065973918954;1,40077369061315;1,4004955410698;1,40121163752997;1,41825076188042;0,784102976830841;1,52831342274883;1,41220914612592;1,45205166931319;1,7246066747229;1,29420975569952;2,33487206067174;1,44800059244177;0,497175737058745;1,66946263151732;1,5587912959905;1,64701782179096;1,4134918006128;3,36634555835424;1,21596547106726;4,14650449498326;1,78117337738788;2,22331355799075;-2,32829257371388;1,40124493268095;498,815091278259;-2,52479718666594;-1,9280463412475;1,44952542010108;1,40677194901704;-1,6096911576451;78,03174284097;1,50948768278989;0,842546159323057;1,51152837006657;1,40083952317921;1,37105621801266;1,4005882468736;10,9325989807983;1,40136123117636
"58";1,56254875355649;1,92521319640387;1,40569886492558;-11,9756216279474;1,774368750769;-10,1713571499267;0,645160075256159;191,109359815999;1,43040466980527;7,30913519986412;1,40147595219203;5,59091816291298;0,432543421664457;1,50820107999699;8,32059196593721;1,40800127493932;1,44508125522902;0,845818373566408;1,39597107373301;1,41138534664127;1,40392369853268;-1,95082924185293;-5,02743948434128;10,1456825850315;51,3913787500311;0,363134043272298;-2,98399397969116;1,40535704194292;1,86732370109813;0,338426725054282;1,40770920617924;1,40771052719516;1,40621112871383;-1,13204963908228;1,87388879326232;1,40509506619274;1,34125474315239;1,40695072537999;-0,220933286888073;1,56753269968362;0,212107770642954;1,3973632313313;0,343934696439391;1,66406907340422;1,68818815310803;1,52686226749267;1,1877053697961;3,42517454975485;-5,50707823107563;-1,41341635189209
"59";-3,83169540748146;1,45856784271185;25,1329857412094;59,3381261953064;1,4058159644608;1,15965387317914;0,8118018200636;10,0549435634321;1,45340815621676;0,683329735975179;1,21718818044003;1,40380337747335;23,2093426789313;1,401324920034;1,30392963861258;1,43174673317191;1,46915903180438;1,35828724833451;7,03063922967014;12,1806175547694;1,10416261140886;1,68001101968302;20,094418906197;1,40015295655061;1,40060573453811;1,40088196521478;1,91225102416969;3,82991382163041;2,64998153836031;7,63105837628436;1,40659980885889;1,40282444496611;1,40174311371475;0,538816346832044;3,42976992528305;2,65633018245965;-7,07307836665436;1,33704498338934;4,12213135800573;1,68522625943293;2,61613996538448;-1,99469832590477;1,4056794328534;1,39286567327653;1,40164732441418;1,48026764274598;0,789397240192103;40,1167342128378;1,28109552996058;0,716804164602089
"60";1,66827665930315;1,4038945401659;1,4026317478731;1,40226242320341;18,6198607217154;2,09955705566602;-0,753517025571982;1,63673243852912;28,8882853071413;-0,235010143977627;1,40396002027536;1,40411430026946;1,41194336607891;1,40281574313125;-6,7626109589585;1,69474602074664;1,51925030625423;7,30413339796986;-0,82716530253709;1,42646541718094;1,40117074748541;0,306359489189283;1,72989308250549;1,52330116975192;1,83816054774346;1,38351406716232;1,43208406271671;1,40309534693871;1,50678534026346;1,79916395095878;2,2205898392534;1,70851103167882;2,27577407787355;2,07745738980726;0,798471542398958;1,52682329066349;1,42427379710889;1,40135777938013;1,42510026754499;0,753636498412397;1,23761402100181;1,99123129034682;1,0070266868636;1,40461002723366;1,40041862380149;-0,973247924012405;1,40150060030855;1,17773558066808;1,12413110929922;1,40352830132189
"61";0,634825733747293;1,4007061370363;-0,177214484699224;-35,1865761247712;1,554936142837;1,40171105799596;1,52585422809353;-17,8342223607261;1,04449179218602;1,45983276178742;0,80148077305984;1,40179505127692;1,60675420520051;-6,9370912236584;1,40495470066039;0,218347670685896;135,963196981674;1,40097690927949;1,40699549449853;1,41332786670529;-1,28971193839009;1,77749628260509;3,7900276798468;1,01939856382628;1,40889715274568;1,62286860308865;1,43345802082288;5,11894085848033;1,45441156246111;-7,15993458462961;0,467560501518969;4,01893850418199;1,20254211040837;1,40489850040061;1,49355569890527;1,77378518302493;-4,41154575947456;12,6174457313675;1,32175521022318;2,74894284871797;1,40380407957515;1,41308569923543;1,39825669711931;1,40109052814237;1,5146881572963;1,4237557165073;1,4124630527924;1,79306074778243;1,40086518456151;1,40997057586203
"62";4,18636394532275;4,67828200682713;-15,5925435796872;1,69413602090964;1,5318409384521;-3,15590786986304;1,40311952826201;-0,165479122295478;6,8344191424653;0,235439304942155;-2,14792113214355;1,39404984017359;1,27852816716644;1,40259284997641;1,43809410053417;-0,927487794443362;1,52588611719558;3,65316391163429;2,41080696803343;1,57004975003239;2,9406632884959;9,52561501294036;1,48905625486689;1,93683245239049;1,30439668017073;3,85867514560469;2,30256629447722;0,979327138440892;-2,72330952477846;3,99324586437853;1,42149574414569;2,39245912055442;1,48705385310175;-11,477591867918;1,49553712238352;1,41185334762069;1,45603577205096;0,811162315192006;-2,39739882411786;1,68650352686424;1,40186414365331;1,43106820336353;1,40952580794153;-17,9520352340695;1,42954752189777;1,3334853498562;1,44040323000956;-12,8646145172521;3,66898508554389;3,80913171676729
"63";-3,47854785770157;-12,9893358909165;1,40154190040166;1,91048874035403;1,42016628787087;1,64353783068779;-5,88157990103949;1,54232075158783;1,46651075975262;-11,6215516529702;-2,39466276882356;1,40658301212867;11,4294121253765;1,43982911941194;-3,08844704887716;-5,66970070175628;2,50986096127895;17,1528911453957;-12,1849108501714;1,40546509810274;0,577643311440579;1,40491051154681;-13,2940865817944;1,4018664385211;1,4350046904775;-7,22811387744724;2,14147068138151;1,40193796112718;1,50458705951061;1,54241853129625;-0,437715320628124;13,64638516391;1,87868214298144;2,0672625109571;1,1166394038823;-0,770043767540685;1,49811372966957;1,40972454532226;1,40363820241049;-10,7881022876652;-1,01457604670962;1,40368776543082;1,21506954363753;5,18958636705934;-15,9027652074164;-3,01089353037879;1,82224507615697;1,56413364622096;-0,38382230068771;1,44450345990897
"64";2,19258462139462;-2,67984184001066;0,585395827065009;1,4507029722548;0,804172029369733;1,88928436293931;1,40198181676609;1,62175149738714;2,18412390006077;14,6572201201141;-12,0691180636789;-0,194879325109422;-0,759435455761107;1,4172925801847;1,53854668561675;3,45680616505069;1,48521535136792;1,38612206149103;51,5973369700317;1,40085200013325;109,677118198776;1,41239387730137;1,43377792120659;-0,00940999533277065;3,20099802875936;11,4247712938914;-0,587375227317962;0,730301809051353;8,76018573986991;0,37475508236008;1,41161620211393;1,40809389993067;1,41453601959533;0,948448128673132;1,6935950238942;1,7111659352344;-0,409120073110529;-2,8251274512275;0,0547702543073658;1,39660913505797;1,40304538639525;1,20163006584484;1,51493509969341;1,60460541236069;-7,40512502492575;-0,54030105416237;2,82645876936965;0,0968936450448048;-0,591100455670635;0,787678781943006
"65";1,73206574149602;-1,10650964861321;1,91642086194402;-1,16516279308692;1,94570162429271;1,57067733069946;1,40063071323332;1,41456870968894;23,5849940457244;1,47270426754442;1,40784375081897;2,16736609234504;1,40290709551752;-3,44984112226945;1,46420830211144;2,4765153633487;11,1226858821549;-40,3187455938138;59,1989008111862;1,61613594966801;-1,13539159655207;1,4213365602834;-3,59602149012852;1,43445781665275;1,41573173765084;1,46546791640987;1,41867958373637;2,12596454440313;1,55144304960608;1,32957218027213;1,39338425648466;0,548363950429129;-19,9974271326241;1,5593832301413;10,2617025264088;2,17133718408774;4,70059969023602;1,41876745775929;1,40228582987006;1,08535405106218;1,39815690178705;-2,0629965307801;2,06169514645424;-1,26826223793151;1,664553712837;2,17368577699617;1,40432523843961;1,4201510820455;1,70629494704973;1,04554492289704
"66";1,40602234172223;2,95034600842265;1,43170158723484;1,92027715640832;1,40469862784666;1,4033682511401;15,4216436289778;1,40168476178104;1,41574826508829;1,33024868084447;-54,7084908867681;-1,95679888128272;1,25871632409366;1,83088166706769;1,40399977310163;1,41728107174963;1,39218685007953;-2,7119794386721;1,41367673812333;1,40646281254217;1,40214758715246;1,43260880912793;1,33216088906105;-6,60008518058387;132,792295794791;1,43219272283736;1,12240509340406;1,40424053331028;-16,6468058745842;0,998057160957095;1,40073722053244;1,70983827101264;85,0043978302063;1,42244014585409;0,390686991771301;1,40475183361377;1,44986774324047;8,07724784980064;1,37630794066789;1,40184054536735;1,40548443956272;5,25697014889783;1,40309781690958;5,24560911605542;1,96109647172307;1,45096866814231;-4,64266328463403;1,00157911053143;1,40225330481842;1,68886424581631
"67";2,9237677692216;1,37572764217915;2,55729922377434;7,43364461826267;9,44530700615683;-140,729768015533;-10,7150034557275;1,47263389826262;-1,04961859185234;-13,2143324276134;1,43181172014319;1,42527901526531;1,40920226052452;-26,8153516791744;1,40788361591728;31,7296653338923;1,61221767444865;1,35206129364379;1,40137069901501;1,60361893495472;1,61920030478188;-7,39645084401134;-2,97601181429382;1,43351706935272;1,41067875719192;1,54851203869999;0,701932265134687;4,06061747988719;1,50091603985504;-6,43080352305059;1,41454124328949;0,681552452340151;4,60390471634608;1,07643312259483;-4,10278025645245;3,82889903581936;1,65482501993665;1,53472968234504;1,4439812087299;8,41888667930571;1,40224671880872;1,48262973954241;1,96597059504312;1,24316252662047;1,40297204750878;-18,6226698637558;0,562979140632226;1,58397795954741;1,4072191222114;-7,31286856103856
"68";-2,80775857323685;1,2683530929799;1,59402763151928;2,25183548251833;1,43106503276253;1,40182081330396;2,29177049365342;4,21540907358767;1,06117044528986;1,40841943253613;-0,964059021627648;1,40383597306962;2,10723364977855;8,82170303635601;1,40647624673019;1,37994499862035;-39,1158970541542;1,59239779144674;1,86790569280883;1,56110901938841;1,73194243957537;1,41565564998815;3,47358897686929;2,11771360620119;1,40431721669217;3,27220200356289;1,53897807345569;1,43370738756731;12,4449747259642;1,40830394871483;0,0569521742531442;-24,8607651756568;-9,41811814385895;-8,55518258632442;1,41776804899265;1,49769078586958;1,8124530620407;6,35585122013784;1,46422608795304;1,40163200183501;1,96808857999482;0,628287749127186;1,47569624145947;207,172649486207;-1,94157479576448;1,40846921123612;-3,11766842635237;3,14717247316598;1,496143409774;-5,79147485309554
"69";-8,45243375438639;-12,3482636907742;1,48550780004682;-15,3017556067706;1,64656621291739;1,52318265831276;0,798100439822989;2,02299870707584;2,01980437998547;1,4390109856766;1,41961596093161;-1,78898883304352;1,40611234227081;1,48129074180896;1,74389955943645;1,40267411538467;0,675760389230259;1,34605907410352;-0,180695019736774;1,44052566500878;0,675461568853042;1,40234848596026;1,64140561825039;-1,49668035913953;2,01203492580179;0,57764396498126;-0,0125360739365838;2,66085207558907;7,18071670831534;1,40195737235829;1,5743506512047;-24,4492920324343;1,55881071064964;1,40292674351774;-2,56544526057016;1,59016796707016;-14,4943661970574;0,859943041887247;-42,5088630224254;-4,18107744613672;1,52749635258459;1,40239754761238;1,40123468242461;-39,6959219018584;1,40324193593695;1,40353351896942;3,05673055363857;1,40071465402549;3,21106703650751;1,88180203607591
"70";1,41147538843548;1,39810310854221;-0,0240366890471826;1,66804854582071;2,24133226723057;1,40082068766291;0,697791494961878;17,2285342930339;1,548227244818;3,63787074240063;1,44529718051622;1,4480303257029;2,98043030322706;1,35127645879848;1,73973934709672;1,40090679525678;1,48966043672278;1,50225674704347;-1,88372329173636;6,06690237411992;1,7835078202193;-9,13990157601646;2,63328525479596;1,48078328264042;1,42082139564155;1,23235481300137;1,85214502498894;0,68986827958202;0,317353506973886;8,22010517734557;2,13063758652494;16,5050224509737;1,12747846055163;1,40340728758197;-0,334731074806651;0,782365787587043;0,0495641220779;1,44136857096696;-1,78588143560087;0,281851328147606;1,40453225884832;1,40054077314887;-2,22104685900032;1,41847347273017;1,40439574376423;13,0532866380222;2,28947163021878;1,47901168629973;0,531527438436671;1,41528110545821
"71";1,67475784637746;1,40792982187515;3,87649331812449;4,06272741717662;1,40086237269644;2,36321484763403;1,41979591377615;1,40667119342022;1,40088293585466;6,48850359420081;1,58038773247329;1,55314772774418;2,19967379875995;1,79788572323504;1,6501538473616;4,25524641062982;-10,4194222862441;1,40106340044797;1,42459322214699;1,44130769254494;1,4042281949809;1,5367776729812;-0,161255265215472;1,60629604620128;7,11389447343686;-0,271233843245335;0,891428544031905;1,40122098480473;1,33111579540166;1,62535910070844;1,23285540590642;1,51587221822643;1,40053680926881;1,5230149426094;2,62113202728713;1,37400191696924;1,403286508379;1,41268591475819;-3,35793553783297;0,125494842155636;1,41005021680712;11,7162499243095;1,85632051041453;1,40869723982233;1,40321200782384;358,366002066304;1,91710301762028;1,41761621229992;1,32011998096343;-7,71906791126626
"72";1,40022221180108;1,40070892216911;1,39223935453436;1,41140345464034;1,42211854129207;-0,393531381427469;2,62283914079589;6,63751761586785;-21,3046661587004;15,2659877033518;1,40113288134227;3,36005422417113;1,3922982166737;2,62096664379588;1,4069417274756;3,77770795856517;1,18306499467398;-3,1931138328934;1,82190012669182;0,916908547437093;1,40268427478006;4,24439768877969;1,4103977446774;1,55611018560184;1,40988521045493;1,4107481369463;1,614768535825;1,74698099160754;1,48470000768516;1,40480886693148;1,41630770020184;1,44533887385004;3,42470890642882;1,62522027785803;3,36760990541676;-8,39614236062327;1,40584603865407;1,39836091838906;-4,06417148700929;1,90000305403344;1,33226684227101;0,404795787960992;1,21051498873386;2,07839424177707;1,40314871727244;1,4043992793344;1,4106750870437;1,43410040245058;0,394009754074647;7,77148063489611
"73";0,4922933199894;-46,2875720575918;-8,36400079822893;30,0532233773139;1,53791539865594;1,21304520581946;1,4064020176634;1,40209164074159;2,12739134780354;1,40372094772521;1,4703242306175;-9,39916097587166;-5,45354518920017;1,3955372587069;8,68105162138533;1,4035888505914;2,04989804932857;3,10044875995874;0,871952399136624;3,9408398258869;1,22879816149655;1,67822172946735;1,10166155463871;1,40048421951452;1,22303755504409;0,881106957852482;4,69818319351089;0,0907045557607731;0,137707832665852;9,56889406123227;9,7053853906823;1,91073496610999;-10,0508965326069;1,48561368183457;13,2334244541817;-0,16962396339707;1,85048378380377;1,36654666225983;2,68763323831484;-1,47729117405048;1,39747567809719;1,50116486110471;1,994797861863;-4,61666410063759;3,71260832813267;1,4715726091522;1,43247381405662;5,75620389080132;0,529061413551182;2,0373781727737
"74";4,74314962364264;-4,70384097048057;-50,7667127466795;1,44850751635427;4,36130781120826;-28,5776384045458;1,40027089249014;1,26431672095064;1,43323949904887;-4,27038176462852;1,40066658343658;2,22518865597555;1,04973767890062;1,40615054199714;1,90688808232074;1,39985811018696;33,2892402515952;1,38827560561158;1,40825168444987;1,40856661936481;-88,9494373288176;1,46801979879903;1,93368794600257;1,38687469341958;1,42912685354571;1,40170794053609;1,44236048718137;1,42092230055519;1,39375989168129;1,40074065000731;1,42314932892039;1,42980646848454;-113,730530788144;2,20454869311205;1,40945738354673;1,40471852528618;0,406717571568076;-0,964463308725263;0,0704701472336513;1,54011354456089;1,43130027128618;2,75849979634019;-0,496177962613918;1,54032647196557;1,42204586633474;8,44701956451828;-4,88732631792631;1,40474264607093;-0,386912474703916;1,48470709023631
"75";1,42299546975992;-2,57037972170003;-4,71733049574608;1,19997907275117;1,40138590901162;1,10269686362653;-2,76362970313594;1,42000487841518;1,4711085067361;9,3128415662152;-3,57863280696313;1,5726395967249;-1,66612047389572;1,40525694401413;1,15275064088801;1,43892730155629;-45625,9762684186;1,40782820399722;0,00918133100831042;0,413010183912708;1,40148567265815;1,47514134755189;1,4007498216335;1,40076099767072;4,12422026747772;1,40890974032487;2,07344691787228;-1,28536175211074;1,39131463652227;1,40616815154277;1,18887510503503;1,31647530177794;1,60004300005975;1,39276938916832;1,41188481123602;0,746672337943315;-47,5095777395221;1,44568949368658;-11,0781786691031;1,4112441754499;-6,4505022817759;9,65142752179528;6,36645167083483;16,4995055246762;5,13777954842891;0,472614787816759;1,2367313002854;1,30025616595489;6,62814189746977;13,5078323145896
"76";1,42485727792971;1,40895236299552;2,4266810567839;1,39519228747655;0,0171036822642456;1,54349834589443;-1,07121645669072;1,49184774446884;3,31101036744203;10,0538926219797;-2,0160162320561;1,40332582232755;1,08119251413392;-1,98990529130088;1,5066908831176;1,50697828069698;4,80584348499971;1,43000232196381;1,50504082283627;11,1157197830886;-4,51040969859438;1,19102144774175;-5,93520414663389;-1,98078753608849;-9,74239995654854;2,56399998844857;0,866795389977506;1,23731211542096;23,1935704270385;14,5616599138178;3,89516192751286;1,40306007794179;1,40330047847971;-11,0731170321345;1,39417103865185;9,92876381321469;4,42988150975908;-56,1459194478636;1,40638654029232;30,8583949510064;1,90399801753789;1,41100842538843;0,813741041090353;2,47391274405229;-0,502066033447669;2,04247675647692;4,7516970435146;0,501608883625416;0,995920512243222;1,55549908507378
"77";0,0522530115133204;2,8598139664679;1,40270939862727;1,50051137343818;1,40088439541719;-10,049380851613;1,40493385609317;1,40455217520823;-9,32263936927799;3,4215660283192;0,845004323637254;451,481067696469;1,40449028795443;1,01446938791226;5,57853650301518;-1,08925687369234;1,52358098430904;1,40161684014751;-0,388826583590665;2,77795825921869;1,67167856768057;1,42931624046121;1,38144294462383;1,37911876716701;1,33688642959488;1,82894817800064;2,11195508562394;0,496344459472709;1,39774518155219;1,40722589550968;1,40777026416861;27,0384138677722;2,25471223729977;1,41086627734008;0,593551592867819;10,272813991245;1,43975462789124;0,927701053965947;1,42179560662717;-1,8254290947578;1,78948263131522;1,44472691946028;7,35788455773114;1,44697299171527;1,40061549649225;3,49718344281573;0,0228794377410857;11,856618172741;1,64415239434905;1,41860551551738
"78";2,18457618107825;3,07619511735852;1,40990352388079;1,40222739387399;1,63572107202267;1,10884042359807;1,41961656823965;1,59646928402326;1,29942754209592;47,7795498997042;1,37721455098405;1,457605378054;4,32104755197468;2,36814797439374;1,38831664727141;1,4015789802529;1,41223807160413;-710,139363192631;3,45576432935313;2,67459766191374;0,521390250012021;2,62854658440408;1,4677006327018;1,39181173311788;1,41714155462156;0,956821278426691;1,33493199069522;1,10900625396239;1,40107219608097;1,40188283449037;1,41489299239098;1,53635631795083;-11,712037101987;1,35717923905394;1,10035762259603;8,33599683411804;2,19067909802362;1,32304703248499;1,38205328968832;1,44637287249038;2,20464969592677;2,07130818730486;-12,5455435987632;1,43172470909178;1,42499273649814;1,41015558623919;4,53849085813591;1,65481539215078;1,3795169949004;1,39100930637587
"79";2,43739564444543;0,701854989711777;13,5390480981374;1,51242360296016;1,52884241497917;1,65722912542847;3,11780149179428;1,18919600188912;1,40211692217603;2,97854544383618;64,4467252729086;-13,6087356644865;1,41023381584749;17,0360665443823;1,40792122498043;1,40410919210352;1,40326037795975;1,46786886873094;13,9109331041092;-13,8445996868973;7,41564053910062;-0,354356675338048;5,77724673264193;3,60223922463188;1,40357103349405;1,40476589865217;1,42622227213968;14,5889561260817;0,407253158370821;23,094829463044;-4,61377044833126;3,9766570386122;1,36464823473906;1,45198137706421;-1,88098846545341;1,40032058907249;3,14844231569972;1,42990037435206;-5,0857553339297;0,77032600863734;1,4153126322948;1,44417446497552;1,45645725249449;4,41205756918908;1,17457990080831;1,40092330819917;1,40099642499387;1,40025637153356;1,39810555322274;1,37804556949478
"80";1,53991045021717;1,40567855063216;1,40228298494138;11,693031550728;1,85696211354189;1,31276554636465;1,51077940777862;1,40392380859126;27,188658144741;2,53722177538768;1,42277008921714;10,0281809704338;1,64899691307948;-26,1489808065628;5,18696662638212;0,423695209229004;13,7972536979086;1,9107662907991;-1,17185112570576;-9,04815982809866;1,48038570602168;4,1911071000575;-2,7790150933979;1,40099306151858;1,45794465011491;-0,25017072700323;1,99044940330375;1,42177562732917;0,58550376861672;1,40872899838122;1,4102872487971;1,43507012372959;2,66876405711338;-9,93693334899274;1,42785184828574;1,78914188289727;2,8764538097858;2,40708748676678;1,40705187965243;1,40275793489009;2,14450483271826;1,40738950153006;0,682604481384465;1,6995196852547;1,99722625845957;-5,42397996196898;1,43327309832398;1,38809760725549;1,71621358681558;1,99849708837761
"81";1,60959567509253;-291,535911259199;2,53177953787452;12,4723398143511;1,40824123126291;-3,11855025656789;1,41523783133768;1,40108085685449;0,980864296241586;1,40147775407672;1,14364731500111;1,40097926114539;1,5139565096291;1,45682574239468;1,10364596512158;1,40297110210793;1,43883927593546;1,400747103543;1,87364246564906;4,27956422329022;1,37251644007316;-17,5525396151195;1,4358380644555;1,49988310592756;1,45145020472325;1,40056856647718;1,43206994608687;-13,5205690560092;1,62400364979036;1,72773855843392;1,57736355304007;1,33285498231997;0,609795867642724;2,01535064246281;1,96657275151207;1,22553146163249;1,36611056522051;1,52233161645981;1,40052367967273;-10,4216802543932;1,53704840917165;555,640756469759;1,89827540318803;-7,97864287771104;4,37947897647297;1,41423808229076;-0,0780580965042539;1,40607618474232;-42,1425858692551;1,42639393008053
"82";4,19408530108293;-1,07190830761603;17,89697296585;3,84113940767894;0,532346306288922;1,40967588056091;1,39333728224019;1,42494049894558;1,17504328149971;1,43178776176078;6,93137272430531;5,31646518980462;-1,57530740842052;1,50636156645916;0,811507044973932;-7,50444239206367;-11,327992634173;4,77302471225379;1,40088297406831;1,55235510170803;6,87634351871837;1,46432334714352;5,25401074866119;2,72571609151621;-0,794373404458536;2,08097756023301;2,08478906008138;1,87215618489218;0,712939799281321;1,41792103265307;1,40549790955055;1,58819846052875;1,40221570693828;-5,07628636365298;3,72550464343447;-0,127165949724953;1,42053546918946;1,40947925547297;1,50824406485317;1,46956195468269;1,40842995147915;2,2264132319543;1,40029205921333;22,0950951411183;1,6174177385314;-2,05331212198006;1,40295042414582;1,14182005741458;-0,0660521884129537;3,55044120562644
"83";19,1553764755869;0,882513724005225;1,48029818015894;1,87275592959164;-3,79739842224323;1,40447468462738;73,8692388025175;12,8225386828393;1,40185366944539;-81,6701076182072;1,14318883871893;26,2827201277685;1,40056242276905;-14,869886944834;-0,621500937608609;3,41647572876968;1,95493443227199;1,33318098486918;-3,73818466951167;1,46263359370982;8,00005253255556;1,41738219575155;0,469284060483856;3,13149838142248;1,4238750089855;1,45162244283451;2,51918477837164;1,40515791666961;1,4020473266398;1,42222412187935;-1,81202512676747;0,983071015544146;-0,534376634884932;1,18930872219757;2,17014700099226;1,86711100122307;1,08648272840593;0,402998831201561;0,912998891979739;1,20003610650417;1,40507684843669;1,43557705199295;0,434598205078879;1,33972357439278;6,88705419985858;1,41912771752803;0,748147872363385;1,40045164960705;0,769988234486881;1,41481141487556
"84";1,43725381680535;1,77310310949935;0,977480134273402;-30,6893622579868;-5,13501754008152;-3,58639905536986;1,51938120895778;-15,6563153706748;34,4444055806197;1,36005928645471;70,9619730780238;1,85686209643049;-1,10058274687836;0,943966276525318;1,59818017808545;1,43076833355582;1,26447856815216;-13,1110064679566;1,42577141065445;1,08557263717537;-0,754530705870881;1,36832353682918;1,43083106821353;-9,83686541489831;2,99438919063605;1,40383745117036;0,0993769448878012;1,03674130128058;1,44424215702618;1,40427196524056;1,42663757949577;1,99446381162426;1,45761597032084;2,8064418168493;-8,66538082154931;1,401127061192;3,52226375319275;166,295694120779;1,43424690965518;2,15164365515098;-10,6075318439061;-2,02091327271144;1,54910681947567;-0,627567512591632;-19,4571406858893;1,40602254921373;-0,919467740394182;12,9906100013972;-26,175651148681;1,44801832557784
"85";1,07509843656547;1,51712121013234;1,37327775460385;1,48079867712112;0,307872811926241;1,39262611443948;1,47440679785468;-9,8351029741786;-1,1930773153529;2,65539945339665;-0,68768444268094;3,23359417050089;0,630120529471748;1,59792773748316;1,65088404178878;1,40540085626104;0,518481316576517;19,7879107783906;2,34873797161462;2,15917664952658;0,342119709462818;12,2009750502076;4,43787565379281;1,40254163535373;1,71865479724457;0,716090526920105;4,95332852202368;-2,10676087948111;1,45817284140549;1,74098678614095;1,4023610542894;9,95707245057366;1,42463033774019;1,4291944053055;1,70677974639615;3,1934529217329;-1,4187452260427;1,96726728414152;-0,919497626980075;4,98345060753453;1,94610343925849;3,09505477766168;1,47246471441373;3,51604981102056;-2,09773619560835;1,40633910412886;0,296518113292429;6,5127830498647;1,46610447496292;1,40168710114848
"86";1,42497168967043;0,893580422628865;5,20675069452922;19,5048504337395;1,84703894695788;1,40025778459641;1,43218021384625;1,40110066825889;4,09389025318046;-0,945681987872261;-5,52865019851557;1,44312592138019;2,5068605716175;1,57406667881067;1,40406875963947;-10,9781278514615;2,95064828232533;1,4069766366299;6,75157051756139;4,15620194473501;-8,8951444770009;2,0827275726413;1,38467080080059;3,36288988059545;1,40113655513368;1,35894384567305;1,45324606189384;7,9563425203539;2,93554155490698;1,51219610874231;-2,26714903291147;-63,6235747754143;1,50619245715821;-36,4456231630019;1,74074507678054;1,40808158172301;1,38932412232868;-0,837979845127798;1,94170967034282;1,42559449214821;0,560565725270794;1,52553976954014;1,64130496872543;1,18621547202105;1,22883255008069;1,42947072921423;1,40574450171332;3,1132670336365;0,144353248433163;1,44894648688691
"87";2,4337673841174;-13,2327875939117;12,8429561919877;1,9459061475922;3,96676127006231;-1,73105983796245;1,40348722011725;0,188381594369714;1,32768767127381;1,54163255089369;-34,3938114971156;1,40269773459967;1,40311975803208;1,8753307588757;1,41761225814276;1,4018547215466;1,30438302603711;4,4859089515424;1,4777022165469;1,78147893083368;0,615934213400088;5,46029012691259;1,35065442889801;2,81394651775341;1,40556306811615;1,30384491350751;1,41727882844083;0,490289282450298;1,56436494720557;1,40209976018318;605,948411949364;1,70728218909887;1,10953643141106;1,40737634910566;-61,9083410122991;2,30397100051799;2,07600463252167;1,28127182099356;1,41443675312099;1,40176117429381;72,2221541620021;1,40805838997498;1,39823036442722;1,74416264951017;-0,431957634946754;1,25231798701503;29,6860408569058;2,13911822118803;2,42529000120818;70,9996387238885
"88";0,670551365933209;0,994389491773361;1,39696187963199;1,40136749841635;1,12801744278773;17,0887437282054;1,4974361927496;0,123614551856313;0,852449822797484;1,48515182381671;1,73912651887735;2,38916778046481;0,552166984874647;1,43985838290505;1,40486793084392;1,41149070722528;1,81242446246366;4,26809874062531;-2,2139640104459;-0,0261555762829859;1,68499036042689;1,400380862137;-16,2920779028244;2,19521958485559;1,4833876573488;22,8247824635438;3,98094556531736;4,02588030271627;1,41723873552541;1,43878737612692;1,59698967255594;1,98489510724805;2,19252251981007;0,98197477012317;1,40398386823909;74,0154391106066;-5,21892832858555;-13,6587493901276;-6,27387024611154;1,29103966112208;3,17869453773659;-1,75517132944641;4,32305294288014;0,613818330081182;1,45417450072898;-3,88542403471595;-5,89826331338196;-1,09726739783398;1,0625559765246;1,40486424046147
"89";1,46539136320692;1,4058514386522;-1,17656325415998;1,89011741096673;43,0348942984122;1,11897989568345;1,49316998554747;1,41045137679302;1,93977450647784;2,69538436907537;3,88267525634256;-1,56022561377043;1,89969258550661;1,5641316335541;1,40219833629468;3,87081433040225;1,40192095922915;2,12757740892703;1,8708737309226;-0,808849963480597;1,37398389183822;6,61182393234247;2,70450458398882;1,40830377995138;-133,412873031453;1,64296992999678;1,40945425186298;1,65239284029747;0,861983365848441;1,4063747847651;3,31137055487442;1,42955377225387;1,40158380093311;1,42920497732238;15,6113261719405;1,49162459598078;3,38344158433367;5,16369236360197;1,09947598968506;1,67092015679453;0,622020278976168;1,4246631098455;-3,31075718800746;2,63817529723971;1,40894636239595;1,40347181290474;1,40508628064335;1,40182708383952;1,0790232821842;0,0477008816510853
"90";1,37916100235624;1,43557357811339;2,02348681155303;1,08431703902607;1,44808049702673;1,72650683332837;0,781673723295398;2,9423510807322;1,46095415197247;0,741958640739914;1,52744241373393;114,880667128809;1,41113237672906;-25,209740957442;1,39317083240338;1,40403288779924;-0,405139367886921;1,40795764731409;-3,01905257213164;4,94705704495379;0,95618974830878;-0,460130538975045;2,20053574101984;-2,43730838773566;1,40458216308686;1,41905397864147;1,401157967537;2,20072198104665;5,48585890820431;1,41202567536746;127,703429710944;-4,74016258879521;1,40571348275203;4,87601573053832;1,40775369717089;2,54168843822311;5,57168375848497;0,753002147198334;3,87061210271557;14,9181287512144;-0,414081581557127;-5,14657467878188;1,20389613867009;1,50138281470797;1,47386879244044;1,19646289864887;3,2624767665462;-100,886121098079;1,40279793706418;1,05260427806449
"91";1,533531588571;10,0235699351672;1,26150261429376;1,88295930224662;2,03633215218442;2,84459180510106;1,40214983425807;-20,4542122896803;1,64507540005132;3,84395619209558;-17,7236496537852;1,82999229180174;2,40634999653429;-14,013106305499;1,45640056267806;1,4307982812626;1,46098943422207;1,58319796049542;1,48137933809368;0,515654840762492;1,27115237567267;3,98487242661702;1,54169606596203;1,40248977625135;9,6322382125381;1,40042580576517;1,3967187532374;1,7732659315983;1,40330338998986;1,82670921044273;1,41623893465134;-25,8666123276073;1,35239476667627;1,45537937905208;4,03721807472133;-1,32406997243948;1,45213850720124;1,3062887543577;-54,0338117200848;1,58479600960149;1,41245284944252;1,43490621908752;1,78242888771685;1,50245382045007;1,40797449845059;3,64795076688072;2,42704293290616;1,40165476313177;1,5357099635066;1,55272076589912
"92";-2,46615300281049;0,11524916210044;1,62836440812592;1,43434518230147;1,57959551535915;4,77237069597225;3,40962056180183;2,64557634990748;2,20638006566705;1,15175262715979;1,19314931024195;2,16908324373431;-2,56434335647797;0,734431485444182;1,4191729963058;3,48974372640859;-28,5872271219563;-2,2739297569141;-1,81191819190238;1,42373603213802;3,17708444399593;56,8171964980115;5,30326400680955;22,8059554766545;0,76671652771564;-0,345013641014614;1,60984087503498;1,43294455876533;1,43718024703192;1,40325899150401;4,49137338384914;1,37558701409986;1,37127871114458;-160,005374229327;16,7085415690088;-0,185695355507082;4,19208954722391;-7,08489123155846;2,05741084813208;2,60140780619704;-0,143081102307672;1,40405248227117;1,48864017836853;-11,685570017603;-16,722767301051;0,873643715958497;0,627451298173176;1,84950515118954;1,88103802199077;3,98664159361048
"93";1,8210664188403;-1,13660523792044;-0,681700883552267;-1,03989077559268;-0,826993789432677;1,40521740196797;1,40186726825159;1,48431139221865;1,80695113319323;63,0296325019268;1,65704736431026;-1,86950631843613;2,38334221808162;-2,55686576127537;1,51095308431833;1,39053368519376;0,93819569841137;-11,4771208515313;209,046851114881;-1,45391025497015;1,03060941287634;1,40340967998977;-1,01191002189018;2,01549367191084;1,42165011698698;1,40232475615301;-15,1477513239543;-14,8991765788983;1,44047150257333;1,4040561873156;1,40132978848501;-1,45439757988749;3,08773401918815;-1,96584928099596;1,41804435375771;1,4356887771656;1,41391870040078;1,03481761184419;22,0942349686384;2,24008390996501;1,37356113101235;6,6292085046269;-5,4421847103721;-20,1688207940139;1,39180379528137;-1,14945615411303;-8,19181885702391;-5,8832231053151;1,84236389720471;2,65525410347962
"94";1,40656701092247;1,81607473584167;1,15753979716278;1,23038552559081;5,10970701385594;4,20129493028731;-38,5711980505507;-4,11777402880692;-0,407255416466242;2,77523839860402;1,60877643752483;2,15224903565805;-10,1144360103729;2,24536164051213;23,2053969758714;1,40162594594591;-3,40393087317099;2,52129829515702;-7,35604175045835;1,41597192694843;1,50972110109492;1,45300460903653;1,81606345749295;6,01202818737323;2,56904250752357;1,47623257889915;8,26471428613949;1,40380165517557;1,40139435674607;-2,9782968919174;45,4475947685809;136,634298123313;1,40137947880296;1,48370594813222;1,89476360382224;1,57279700547211;1,06845816995471;38,4568643459097;9,56191747971322;2,19566445207147;1,50738336651471;1,44484560188712;9,60031923106435;0,744059813304029;0,908504002922205;1,40270209726777;1,4029636896599;5,92467096152579;30,2215089447195;4,08963763924889
"95";6,15352805561466;-21,1957191701052;1,79982566236858;7,45665774240743;1,84980097891893;2,30607778324907;3,28001461406748;1,42882649855094;1,41092531773544;0,715731916745353;1,56194302709289;1,42053816057379;-0,0128605084175355;2,14457600092779;1,47842795806351;2,00645463237556;115,513522443718;1,41866171327559;1,45921468033089;-3,09345344680448;1,41416538014203;1,40087914918045;1,61258883502645;1,36174849706909;1,26553766849621;1,42228198445692;1,64272735295122;20,9584934000841;-0,64380465904576;-7,41477646570861;2,05569794593871;2,09039747281405;11,0844064171839;1,42540563169001;2,50231553297587;-5,64704552392885;1,55991516777237;2,6825226186299;1,44770709363682;1,94423747361089;1,49089018927482;0,290399763912053;1,54683654440372;4,68142139839405;1,41599934060147;-1,34857318027193;1,41119694369777;1,40794465358965;2,20477542782864;1,40331364179894
"96";5,87960508189643;1,40098741531169;1,44048391314524;1,42341658102683;-0,132284076480541;1,44797183881416;1,40062868386935;3,43911089743645;11,1382451781946;1,5649846172384;1,44540688332905;0,088183972281584;1,47380558158922;1,38836173101806;1,40430082860197;1,48921391549656;4,31466006463869;1,84042892061954;-1,62192793485576;1,40305640051764;1,53579447593718;1,46034646768233;4,47050390039028;-2,2906023075205;0,114619350366626;11,4607459667651;1,40426700873573;1,63432711116874;1,40797693657062;16,6551566967017;1,40655117065757;-5,18247643905386;1,6062321567293;0,94864597534862;1,50447728222362;-2,17719879800088;1,62080890630755;-7,77430946297554;1,36552557301164;0,321670294941383;-101,857623469595;1,40207304671723;2,43118038683133;1,70138900598194;8,03346914530674;-0,383317713190634;1,68438404922971;-14,0617426217143;7,06964297912;1,40205650565892
"97";37,3091533904906;-7,91614330370743;1,40898292649217;1,43120787159552;1,42014336040335;4,34687415847212;1,40122891163089;2,78889855409862;3,04542078244376;1,40567099099196;-11,8907998205242;27,3580754431982;1,40530824192352;1,40323459199837;3,18106393446657;-1,27364458230914;1,40225911766906;1,73050608479976;1,40667059144595;-24,5152652584755;0,402373264750402;1,40393036015867;1,97764888032345;-47,315614679748;1,40098979746253;3,72871670462453;-4,75804509616807;-1,38219545834357;1,4247131554762;0,34082455308817;-48,1525518579767;1,41286415062442;9,05814750957305;3,21709268192893;1,53167774026828;2,8573772305297;1,09880151791468;17,4828216649081;1,60265138783435;6,07494680915363;28,1291712750256;-33,9958616422141;1,4089555000028;1,57348619199688;1,40251952727537;8,42769635914421;1,40223043178914;1,45276966263251;5,75032910979598;1,72001741797202
"98";2,71174843103471;1,40173882127691;4,25676018243057;11,6659713009332;-18,6173709029486;1,46790867445133;1,41330390939482;1,16135141738885;1,43033995942545;1,27338649422083;3,78093587179067;1,37748620590025;11,2179766619617;-0,628114832276946;2,62434375182492;1,40236956315752;1,40850048038603;1,40138070422972;-60,225305865851;1,84588502194769;2,63061392954923;-5,24574446840506;1,28349699614722;1,40304211505101;2,77122709053508;1,40073820860852;3,1414251404658;1,40519123658442;1,40236473516485;-0,487786822842693;1,47871786677907;1,40124755481747;1,69630306017105;1,41251998568632;0,506984346148282;0,568452353846222;-10,6352192865165;-0,923352622485157;12,2901228415739;1,42644583732762;-0,758509270392922;0,762683699047566;-293,006009624377;1,4082014855581;-4,65876637212798;1,67776327914524;1,43189695541931;2,00701028559468;-7,27044409515791;1,44833024040669
"99";-3,23728420739562;23,1423490284516;1,40295961184075;0,867100328647734;1,48175159628385;1,40637552341293;1,24831342438348;0,099821288805293;1,44393989424383;1,41415158480743;-0,878528676801297;-29,5842405486906;-70,799734474653;1,4092317232392;1,83751356958467;83,868026407958;3,60006175491791;0,268274995082018;1,40376656662774;2,2503015121303;12,3989877399221;0,984326867260639;5,63782184045752;1,41784302012719;1,40088296663205;1,46826305350781;1,41408485824043;2,75973083935133;8,39404365983158;2,16388005807591;1,36522984623277;2,71832038474999;-0,149828947903096;1,40079903253658;1,33333678046018;-44,1358645239218;1,40087739476914;1,40216946822726;1,40304178763983;17,9061109278656;3,36642452628272;1,40207647126515;1,55223285883045;1,420924545913;1,40702032065571;0,714531697961701;2,05922992492525;1,61416148433475;2,05440240148465;1,43085183590847
"100";1,46929418904456;1,34579672965946;1,49223279046435;1,51385074590915;2,38089493724768;-10,6536860215931;1,40794700909695;1,67369682985848;-0,755714533452304;4,77007525053664;1,42181074564563;1,83561218974911;-0,139945317396986;0,757075412779272;1,54566174662894;1,01797660584359;35,7953206109111;1,40366326682625;3,32719374598004;1,40016219239782;1,40071469959708;1,41018097728097;1,31691121659829;4,70745307291505;0,567010689405954;-11,2131285973404;1,40286284362968;-0,231384920291955;1,40441904298182;1,42236342345773;4,32846801898074;-6,5852974798217;-72,3813942154707;7,53035682795399;1,64513508081454;1,71127763673891;-107,542700753379;4,6781831021052;1,65033971426379;43,0655043359307;1,39144767504564;-3,97155052100806;3,05508993105816;2,2460890270842;-0,0265170074859764;1,4682971066392;-5,14810920622674;-3,98298239161283;2,80133982421792;23,4822124491429
