"";"MLEc";"MLEc";"MLEc";"MLEc";"MLEc";"MLEc";"MLEc";"MLEc";"MLEc";"MLEc";"MLEc";"MLEc";"MLEc";"MLEc";"MLEc";"MLEc";"MLEc";"MLEc";"MLEc";"MLEc";"MLEc";"MLEc";"MLEc";"MLEc";"MLEc";"MLEc";"MLEc";"MLEc";"MLEc";"MLEc";"MLEc";"MLEc";"MLEc";"MLEc";"MLEc";"MLEc";"MLEc";"MLEc";"MLEc";"MLEc";"MLEc";"MLEc";"MLEc";"MLEc";"MLEc";"MLEc";"MLEc";"MLEc";"MLEc";"MLEc"
"1";1,40195042467847;1,40112394908766;1,48021814309587;1,69293235847613;1,40156727023298;1,64053380891896;1,36221544403961;1,43122669559272;1,72810374177755;-1,12708559163259;1,02051148350776;1,45864962586591;1,81237167145258;1,52132366587221;1,99928120166653;-0,576693119839012;1,41537753515768;1,39362598793387;1,17782565485831;1,35300678241638;1,40149095028256;1,96719073412078;0,834183097418862;1,44047980453698;1,41027824868308;1,40332589913502;1,16539152690243;1,36024053449283;1,66727774263753;1,401858159999;1,40239302849951;1,14054558950461;1,47884574630941;1,44931524379762;0,405674965514168;0,530613236740188;1,40039554325868;1,38390745738423;1,40136643022906;0,309727260144272;1,40237042644233;1,4035297860398;0,171197108791302;1,22656790740231;1,37642997871852;1,08691513444065;1,50011222712825;1,49931472454266;1,43148858210493;1,49560286308692
"2";1,40069704162541;1,38294883298864;1,08393441566065;1,40340056007346;1,51658316833951;1,41977540660033;1,51583671121992;1,17558446336732;1,4532303281671;1,15177058461456;-0,543454681302965;1,49326814576802;-0,0555222171115037;-0,0770982337260024;0,163478977626237;1,93406138240916;1,57767532448984;1,65725352830564;1,42934107267948;1,5147261358694;1,40201253003;1,69029463012195;1,34464272699165;0,453742972254981;0,436165121795248;1,40417547151656;1,81238832610543;1,40197774207942;0,977617004736481;1,32121823419653;1,22617838331223;1,63665754128818;1,35725589069191;1,32218257081172;1,45599521564817;1,39949697944188;1,47709745677793;0,533176855496249;1,5809265338055;1,20296177745891;1,7341810511539;1,40395409336113;-0,730638645964742;1,40816769157096;1,38981928391892;1,41453313821849;0,64855473522994;1,65900505704896;1,44046446302875;1,51272444159585
"3";1,43187888015664;1,40310524352464;1,26894997809838;1,92261357585728;1,42432355483164;1,41804335662392;1,40038116579624;1,48777684017911;1,40027537594202;1,43575296056295;1,40223382869472;1,19468296368141;1,40093496645345;-0,71422430262739;1,43178396031102;1,3869384081018;0,805891135226783;-0,908170226964689;1,40153821333472;1,40550547620305;1,54177754170469;1,66148184085262;1,39928554880574;1,40169530323702;1,70562045032574;1,44498456052119;1,61433606797457;2,00891000306988;1,48538500490195;1,54599397457875;1,81560085213078;1,34142271022581;1,51756500572484;1,66429655736684;1,45126892037661;0,693284936174464;1,46720748352347;1,43508666842518;1,53217070577728;1,41590249160098;2,02773464877551;1,01092626800071;1,42330859762088;1,19241803558763;1,4061742503751;1,40208097394976;1,40140684977995;1,48940992451603;1,54041630975604;1,74582233104563
"4";1,42829301491272;1,49626098674379;1,40237849305234;1,4500146759718;1,43375296539534;1,67614874887519;1,43558397192766;1,52016755840144;0,630680884062712;-0,494636099168155;1,41393088690842;2,52413470196925;1,4147720002068;1,40988190256621;-0,812565909877588;1,77077010780615;1,29449653159292;1,27038370401173;1,71642850163812;1,46339746074491;1,25682415415183;1,4012240436573;1,76157627439182;-0,457641905139033;-0,366115835412113;1,38936380713993;1,40476973638517;1,43965257652091;1,46106646831995;1,40217053034307;1,46745322359293;1,40635916366542;1,57138755378578;1,40072791827732;1,57835992637848;1,3628683061909;1,40427737139132;1,41068908322797;1,30815711189412;1,40129521784999;1,40065841200303;1,90037702345483;1,61382955585829;1,37420269899267;0,891921446818606;0,697729181068276;1,49677677807535;1,48027442164153;0,892011307064129;0,485842921024627
"5";-0,230584687153978;1,41028562637435;1,32619283124431;1,45108133669157;1,03891872348296;1,46109390270045;0,350001825864693;1,40332874017173;1,64559986091169;1,22676202629441;1,40151778428902;1,12117385421609;1,43735165148321;-0,0817730978566544;1,40145245629588;1,41634522062035;1,50839634859054;2,10143542041332;1,36027850995741;1,43450564633887;1,40119392283034;1,42545202802165;1,582344710085;0,409221458659554;1,11928952372957;1,49582817863437;0,602962743911482;1,65256948170644;1,407490601447;1,32134909059044;1,72545468737711;1,66095888019721;1,40479174044689;2,00729897312131;0,690601090389156;1,48197015866457;1,60237287478506;1,40264654140223;1,40162871939454;1,81682051080111;1,51917894468984;0,674718822741788;1,44569433333827;1,92856949754293;0,696708654862637;1,65091855940862;1,40166040710735;1,121636848064;0,757639923933969;1,40457655345458
"6";1,45815426117588;1,40941961520059;2,40885110290571;1,3837055533236;1,45339744007883;0,236406205031006;1,7026627173138;1,39085687659643;1,59396298400512;1,40238341199691;-0,27353533732462;1,44127600983782;1,41087219085812;-0,194902827581336;0,923237626112755;1,06051712574826;1,40367113593179;1,49686718103378;-1,30376420330074;0,0873295171045738;1,4002768165738;1,50261756377181;1,968500305167;1,42170011701244;1,54673956299853;1,55462640973717;1,91943293535175;1,48433017317323;1,53713856285641;1,40821857352323;0,864468796056712;1,52405719411336;1,44260634916851;1,43370799744079;1,42012392361885;2,09916530938851;1,40252260931273;1,4816606647815;1,4050683342438;0,157234368889497;1,33232201436122;1,62640641389049;1,40087076802064;1,67579453399082;1,43812539223735;1,35552322606402;0,459688436896638;1,39398529997551;1,85131007669566;1,69532196392961
"7";1,37833484692253;0,84692137866296;0,867136713541023;1,58198378963591;0,639162209314595;1,44301972553211;1,21773360899786;1,26686547121418;1,42335449777458;1,4021469681903;1,42636237355702;0,975605938961564;1,53475550699415;0,966524165200032;1,11171995102095;1,70695857055006;1,40249936104543;1,39943245962725;1,41195248653343;1,40252793478384;2,09411077184906;1,43991276613351;1,3995001262844;1,62013594168408;1,82455973477075;1,52524271337041;1,78944349381976;1,46022990367434;1,87952518164947;1,67854630175393;1,12471692372527;1,65785787745824;1,95923870526383;1,19436322943363;1,64113372080619;1,40468705702779;1,456088418872;2,35394202999166;1,47257539197912;1,41354278174723;1,37907623179038;1,48191028727834;1,40278504722982;1,53432118004706;0,879728087496499;1,27766389841552;1,20045205271802;0,689537104687535;-2,00684467015728;1,49458271232161
"8";1,71303884103691;0,79664275405627;0,70267054684636;1,39624625887455;1,40287873919595;1,40636520679303;1,29319721606788;1,47041681511174;1,53722388900581;1,07768534987254;1,40357780582355;1,40239211263933;1,40354954391065;1,20191770913815;1,40687123411706;1,45382389523177;1,41605238532465;1,61804485404996;1,45887814814326;1,24622913791607;0,875260453398134;1,40250563279601;0,703359578739028;0,549050640292153;1,4020101461185;1,40235989065851;1,40364742476162;1,42654035747745;1,79333306004375;1,80027290478265;0,479195982851901;1,2955111148277;1,41617883484743;1,77497544687089;0,0362303418274017;0,803531003707169;1,40130710771846;-1,11864647762097;1,14128941804775;1,53442652637324;1,31246489717648;1,40075098449541;1,40161483385695;1,23265304986116;0,901662232403377;1,59967673624198;1,81438256325228;-0,0876638109663617;1,59057375991315;1,99480080539636
"9";1,4191009205017;1,55865131228276;1,40076205246088;1,4049832033417;1,4004179078571;1,40709668466694;1,39515193458233;1,4013708534547;0,524762376500277;1,29248418230297;1,40165325466535;1,40024256137031;1,34862195368298;1,40236250632245;1,40494852740076;1,66898478173911;1,36986297786251;1,45356368470732;1,40330642370342;1,40174753653863;1,67618309218149;1,18543322158382;-0,266871795005263;0,618484078518299;0,603600615009577;1,25996318744449;0,964164178678421;1,07482838306332;1,40189355663674;2,34543540003564;1,4698136799453;0,497065793909389;1,41024077359356;1,42002425257025;1,27719349097689;0,616194460786232;1,73173995853559;1,41627956256582;1,40182101838994;0,972526979027628;1,37027681230929;1,40504738264649;1,34754828529183;1,40217177062249;0,886576453542251;1,41280906866912;1,25287299824029;1,77501336755798;1,43368395625711;1,39825280736069
"10";1,40299738747452;1,41238972329766;-0,335141576958105;1,24877784730552;1,89532081658679;1,60770046050758;-0,248028586740746;1,48494600893048;1,21480760622737;1,3293128909306;1,10202695195689;1,40070512519463;1,40123472620917;1,40782758823932;1,43245759413162;0,489375826042961;1,40302585374048;1,40057599095579;1,49708541113841;1,39058068994611;1,47868238191982;1,3709159972414;1,41271101085222;1,44012919208744;1,31910755909092;1,4046335222082;0,398035774447171;1,23367619256676;-0,499318687969085;1,47313033752677;1,42370595355831;2,09997003089984;1,39527828208861;1,45019653516118;1,40461130407181;1,42078200769253;-0,0507777720164313;0,60864765651142;1,56706412337267;1,40646193347482;1,40097685474493;-1,13831390675472;1,4247512403875;0,490247096920242;1,40870268970769;1,43163647206917;1,38833015890287;1,5310658744234;1,40150878213338;1,33423773091771
"11";1,40903661291031;-0,111555914885264;1,57651717503022;1,40159414614402;1,40453225344529;1,56592413718207;1,30493834865961;1,8031249693035;0,426401211795314;1,40219313946346;1,51325764300446;1,40600337981274;1,34428469290119;1,63397865293484;1,40621102985873;1,40931544173417;0,549709736329211;0,509099786221396;1,23468354979664;1,3987292206822;1,4093964825283;1,40219126582279;1,40308384499559;1,33694212651463;1,40126802250167;1,39384994835963;0,768798565428219;1,41995490266505;-0,000146846830296532;1,40067302653476;1,77541058843523;1,50365583128061;1,41305752291817;1,54853968546843;-0,74309075035194;1,14582694928404;1,54383702954928;1,49671148045631;1,40183056173686;1,39954866941917;1,28206352065405;1,41866957812738;1,42668165722066;1,49598663409266;1,40511360857328;0,927588909162611;1,52884620890615;1,89044082988352;1,40202349458327;1,40073896508815
"12";1,35076572491708;0,292507017378189;1,75626230989743;1,42466798155561;0,0887913490216947;1,33235826837198;0,906036470914572;1,4293105757558;1,4030155428942;1,40862784460192;0,835166101862129;1,42798978371771;1,47272785856034;1,10335344803314;0,272453636135562;1,40101452973367;1,32891751641823;1,40460038343642;1,40606861949403;1,57088252918131;1,33464426558695;-0,200230169894865;2,01750408638632;1,32732742051154;1,41027639982252;1,26556063421883;1,39241416097248;0,666871271064625;1,21690443843989;1,40298412355782;0,821801637658144;1,39826457580532;1,39493396542503;1,58943023964758;1,19921987796631;1,18923695648586;1,6744946702466;1,39163449567557;0,396200427134234;1,32272931385506;1,40260992437575;1,57534909340044;1,50627843928882;1,15829870667203;0,930472840590788;0,281297877786232;1,46495520037127;1,42217323494105;0,38405468259683;1,48708687359012
"13";1,93872157628649;1,70281156669424;1,3940306531938;0,871593155655999;0,812731633212707;1,40191133673186;1,40238329866277;1,40282472674398;1,24419579332186;0,562206979719495;1,40436824944488;1,77184673662577;0,913284545206688;1,40867470936385;-0,361972534878773;1,2395902418482;1,43409539333454;1,40520472997142;1,39889239533477;1,40523062948988;1,78833383538946;1,47314968373245;1,40644269343589;0,980435479736548;1,40393336263461;1,08539792047551;1,17632901263823;1,45845043186787;1,73555185076568;1,42037522682383;1,33963283260956;1,44354184003334;1,75411964443046;1,12569615460628;1,18258010242806;0,860990802616604;1,42461805263478;1,40164434442505;1,40419350179994;1,24161764622434;1,62653084433304;0,953826791272192;-0,0114465728412121;0,672443569024716;0,606518243636414;1,40043367423574;1,56318587278219;1,99266285362488;1,99191184973445;0,729173224998232
"14";1,50612901488104;1,41093324466979;1,29156999548281;0,708736769044914;0,0916166679416497;1,35522657099516;1,46684761797258;1,41443679965409;1,52753861945439;1,52406273939123;1,43091982586993;1,66940042000291;1,46638827706875;0,912183075188865;1,43476698244032;1,31603581297548;0,856176060102861;1,34173458914379;1,28028426634462;1,36070528421281;1,32661912171095;1,3708945864887;1,88066852374816;1,41865825493002;1,21760797690395;0,992246966305306;1,00092738046051;1,77891343739566;1,79470853491902;1,56491692720042;1,40264128932248;2,12277030694484;1,43248116107643;1,54752371529825;1,40803237020377;1,4050615621236;0,236036248258814;1,57476559992542;1,4752010461629;1,19235868299076;1,64765131027214;1,6650750548304;1,40653670926664;1,35052705869186;1,53425479414943;1,43930604882845;0,928236204107672;2,1966216639521;1,54649626636847;1,43464642044933
"15";1,41666216144955;0,980814398295084;-0,245873867426897;1,40084142637434;1,40140821412938;1,51655219753316;0,357481264306668;1,29055659166464;1,41857671035964;-0,762211465929766;0,735533199219349;1,60858182412425;1,40547273369454;1,05878994068571;1,11233177431236;1,98428551600458;1,40919939861868;1,40055470109998;1,13043037602282;1,37730993803743;1,42356576526989;-0,483507419071464;1,36873151453774;1,39216567582046;1,34654387230282;1,66475985353744;1,42326205372306;1,40077286310776;1,40167620547014;1,44818931027527;1,26917547934572;1,39136502903886;1,10646687863983;1,40436443764315;1,86358062108979;1,35946703684198;1,39940061022612;1,40467443088832;1,87126377482214;-0,147355492178703;2,16912997701639;1,30228058303305;0,915940961778925;-0,594738121136174;1,4920495816542;1,45079091000101;1,38331533785117;1,40091933702271;-0,540605325697658;1,40142950651616
"16";1,40166202855885;1,52743614195423;1,53258972276477;0,749855684597134;1,40152582845877;1,52552518588578;1,41547168340455;1,39962041063665;1,39814023132666;1,42376941194993;1,40601718104458;1,38269973717127;1,39092722412389;1,40302237991081;1,2725153519356;2,92823505700856;1,40114287625411;1,61497825840544;-0,199371175549721;1,57848581580465;1,40396588807323;1,09776162089434;1,42700148496277;1,59659849956713;1,43041352188596;1,40528198513956;1,40124648380712;0,49363820425492;1,41584194632923;0,6159642191557;0,432061070897748;1,3836679717389;1,28484605516537;1,40986084171226;1,51286842713164;2,11248646000589;1,40674633134674;1,47065715870932;2,55361325796554;1,43205946614076;1,24811744529128;1,46260291406279;1,3725039097114;1,42704814616818;1,40577553232891;1,38947952182775;1,70460566973958;1,42164002451935;0,903949906187154;1,48395088028096
"17";1,82734894161899;1,40179203968842;1,46144109681758;1,38367670808703;1,56296728080193;1,59375556899565;1,43423269997668;1,49726295993408;1,41325903034839;1,40227932403605;1,42292545318628;1,4196737247553;1,40434017204834;1,41806472543818;1,4186604421209;0,844841072029422;1,5551284806363;1,40150739243827;1,40185165752621;1,44299185030861;1,48726486186075;1,64492569997422;1,40190351398806;0,878471927318413;1,59758904413284;1,4053140253121;1,4881078796599;1,41962766103571;0,177234461859054;1,71130334258547;1,48850762151348;1,43231754441945;1,40124478868123;1,57252294617152;1,54486261064921;1,30210371512736;0,166148986168836;1,55234523356707;1,41534117469289;1,66542659790009;-0,19193395521656;1,68695867415637;1,40577391900673;1,40202259183518;1,2169104963228;1,42508199641936;1,2593568767629;0,820710440768452;1,40037885199816;1,41348261883104
"18";1,38789561413462;1,40089816740206;1,52778204714933;1,39275274445703;1,02115800941332;1,6285948361864;1,43271088637032;1,44932913599735;-0,323461669086024;1,50133422852569;1,40358221581938;1,40355766712786;1,41299117538487;1,8461900035172;1,41707233347684;1,40057458128558;1,5885387894622;1,26267147977662;-1,0249521405868;1,26829782034291;1,31309767052077;1,33408808122448;1,49280698949479;1,85185501261708;1,40496410051862;1,25497158950664;1,40356952589559;1,5154488723684;1,40616574483218;1,40279945270154;1,35879619309009;1,4083808511876;1,43064483100925;1,02419804904615;1,44591193824753;1,40113780765937;1,60796357130874;0,88209818204083;1,39850662961402;1,63269243713939;1,58925749129239;1,40144219450609;1,44747417271951;1,21951728179929;1,40301406536118;1,45225102103048;1,7772725625128;1,40079151035528;1,71521111580654;2,10633380272649
"19";1,40921935965323;0,493403365898567;1,4261028706265;-0,228134680677546;0,815145729585423;1,40315770859205;1,46195363226305;1,35119711156205;0,0462803283343085;1,41270817897089;1,52150330455248;1,40249858607018;0,493335284843045;1,09234047701118;1,40962525100229;1,44768146902654;1,40045321463188;1,44569264298821;1,40200027593219;1,19186879252866;0,401385638456301;1,40704340281823;1,50697155802273;1,44867212235263;1,35755936997337;0,631614228818779;1,39647202606392;0,555161277242525;1,49916628589675;1,41355395319247;2,03609805804866;1,41778134610328;1,40950385360571;0,419291464633982;1,14403622157463;1,42103881869536;1,40024218098073;1,40406267487965;1,4012784578496;1,68810638949202;1,40997242452517;1,46830623505932;1,40254070490376;1,47832451791994;1,40984357433534;1,39957325434372;0,147045069210972;1,64176167493521;1,30681033607378;1,62348746362391
"20";0,968215628302767;1,7794042625988;1,92132457200341;0,989152077992475;1,40066687405096;0,248272720368075;1,40112283667861;1,41369739624723;1,62872204423366;1,28869655912745;1,45384147609692;1,33279731681032;1,05006949137661;1,46647537929029;1,53992711368215;0,958709518937121;1,2571951909353;1,04912751494726;1,83645997423642;1,41951025865563;1,2930528892572;1,56469249859056;1,59515657228863;1,39259475403345;1,80887033318752;1,39805628374298;1,75469891524413;1,40590527502164;0,598026043519762;1,42257732185115;1,40154529603903;1,59461628141315;1,41996881075752;0,00516507800166455;1,53363937819013;1,4005241789156;1,62248372580198;1,4062752183322;1,46696325747373;1,45744310524986;1,96198078393985;1,43735053445938;1,44945096640647;1,40381942927478;1,33364073129653;1,40054275586173;1,6678733046076;1,39106710208744;1,7039360525707;1,5255351826256
"21";1,60636933427724;1,44397384849344;1,00924666564485;0,131510346261525;1,61481830680571;1,36947877118256;1,26386864838227;1,4148775246216;-0,170953349808988;1,0790367261317;1,45677426581508;-0,753674804847464;1,46910164333645;1,40616005922998;1,38992766736403;1,55341990154126;1,38305704981927;1,52692153396305;-0,785415275507636;1,42413714086764;1,40061625594064;1,78347973326432;0,838413987362277;1,40976996307472;1,41527426819272;0,56677500435086;1,40410664927414;1,40508566938426;1,51128113275611;1,40751417266503;1,0922747853114;1,40350534706583;1,40168576927011;1,4029346904387;1,40395585534572;1,63611091135938;1,47462974898025;1,06587096764423;1,53590393420776;1,47747130497166;1,15444123623413;1,11358421546831;1,04613823071626;1,3822923329697;1,40670964628522;1,73678661216996;1,46662393961337;1,39886467246692;1,280728079581;1,41530432739313
"22";1,42779539671032;1,40311306191864;1,03033166270469;1,4506656460546;1,06454192776322;1,49567292670931;0,409206943465433;1,68741755543881;-2,32906217379146;1,57192887057269;1,03493004124432;1,74960753870728;1,64500486021106;1,5830004031425;1,40106516083326;1,40623695403727;1,41048591244924;1,19883220179919;-0,329708770071966;1,40460922975113;1,50766229798014;1,57962784759429;1,45186329376805;1,40839567747594;-1,56361200951667;0,303120429551107;0,960131419516269;-0,451081278644282;0,769351018797408;1,45465097344277;1,43593589423;1,38212006562438;1,40351810374154;1,40175021276818;1,8129650033006;1,40456934722023;1,44935039757173;1,27059888816875;0,748575785386244;1,20393919166882;1,18876112685376;1,40385355670643;1,43521735991239;0,276601675766207;1,40244213631725;1,40163610529847;1,42293120879526;0,831612240659063;1,28751404527954;1,40308937172735
"23";1,85670996004245;1,42259724468645;0,966404098083645;0,823285149224191;1,30741592681178;2,06538957988539;1,60403311412427;1,2357556785504;1,50897321140605;0,500701955246465;1,67347324934394;1,44112106390326;1,40242326553348;1,08568882133487;1,57793877799878;1,09240961385948;0,0588240511641125;1,42955399083794;0,0399804496493674;-0,718496295942353;1,17893185419727;1,67029851983314;1,26830886314087;1,45244698254821;1,11439511727622;1,42023852239546;1,40050555520227;1,05026921462003;1,41432081048706;1,39767882960944;1,50216301152709;1,34967016661503;1,26887405864798;1,7271950882814;1,40375694655511;0,446299830529233;0,129749344590762;1,30146985022749;1,42805171208943;0,951493994613682;1,39936644369506;1,09653257975652;1,41448122024512;1,40979107420629;1,54290632790901;1,05796541976799;1,51625667193889;1,4568938143649;1,4781111617221;1,4095019839302
"24";1,40144187105588;1,58400504293194;1,61079338510352;1,45579931047603;1,31082228678881;1,44646828575939;1,48882630799449;1,42740619655687;1,61307888781936;0,760307458630478;1,41417934277341;0,672091356984596;1,39962758922822;1,14280881782351;1,13249061481626;1,40116386242383;1,09597601295921;1,40765080534526;1,38584350537214;1,40491433560426;1,41451653273935;1,46129562143861;1,43436284327956;1,34642372044263;1,48288733207247;1,4048141270514;1,57845280502596;1,72281372202503;1,40547717900001;1,40078355563188;1,44751800739424;1,39995862576169;1,42404227166782;1,77541462302884;1,43124154547832;1,41079031165496;1,43247391075327;1,40114268310876;1,40562451427428;1,03078922008027;1,4092643933498;1,4113866356575;1,51417280248003;1,70148113524938;1,4013081433168;1,39995929384661;1,40682482458924;1,42762309131884;1,52751739141104;0,833425430522502
"25";1,400747436216;1,39707986253423;1,36677890293246;1,40327485507871;-0,220690633252084;-0,152333057145399;1,25345628671384;1,20546869187999;1,5577358148787;1,43228148083703;1,52655020156119;1,30870436917141;0,464976988681001;1,39557606792809;1,44738582429847;1,01033018853818;1,44044289803521;1,42894478772678;1,47616948411161;1,424756576584;1,39728089556047;1,40265150582753;1,30605313650148;1,41664992198255;0,835368414247309;1,64763924543859;1,27048673088308;1,40691729077066;1,37397485447376;1,68923434587831;1,4007765981212;1,40882815070245;-0,429908133409953;1,42313499244031;1,39986877561396;0,998116992380324;2,49238605946142;1,37024023842316;1,40309228409918;1,45532804771828;1,45344669770468;1,60256541209851;1,52609183717805;1,50893264658853;1,90067824856001;1,43306914246177;1,70657968846815;1,4238682107967;0,871360143511514;1,40204708891553
"26";1,82876438990067;1,4486235599299;1,30335334968516;1,70767782889166;1,51583776008957;1,38567529814941;1,45803494311193;1,52315504641509;0,416598646514346;1,12864189586034;1,40162178268975;1,41468847331475;1,44670530097139;1,40199985290739;1,40260563197277;1,4157297713247;1,48688518963579;1,4113918329099;1,63225244621479;1,61183276846182;0,043783184043872;1,4043217831842;1,39093735262427;1,64142153653051;1,40135382854452;1,4008862861209;1,48485019152302;1,41726851811382;1,46005404975289;1,39073913173846;1,40153118708658;1,4098002614487;1,4030092173003;0,624312799084734;1,63989288479316;0,714322645968854;-1,03833220297468;1,68212511318801;1,4986651283332;1,46094867066856;1,42199439197214;0,904553989108969;1,32420142062156;1,59719912477345;1,48672204683965;1,36909813312315;1,40837007338762;1,40142049540092;1,60360360474599;1,40087722090817
"27";1,39351209572488;1,40423467582304;1,49926779803419;1,48145632671954;1,40049185066012;1,63617867159351;-0,250489976107703;1,50548455442686;1,40309016195635;1,40199988319002;1,37442129091236;1,40324401703459;0,731858208957078;1,30573340616012;1,27076600470244;1,24889137762231;0,318526378615204;1,28230560429052;1,26266298745954;1,40356116762724;1,39962802373329;1,44012111488285;1,40137486440712;1,42349111649259;1,39848840939741;1,02416804234966;1,38563341966466;-0,814798257681298;1,48170037162636;1,42473130043795;1,19752708461341;1,4031564975345;1,40116538588626;1,49218014673369;1,26950137932491;-0,502424922282207;1,55005439724466;-1,63553850511002;0,908728594998026;1,85411453956401;1,16415870585605;1,48319862147753;1,55464996308809;1,47529352649125;1,3774213697259;1,48936583408435;1,41090129951832;1,41521208091737;1,07507159189322;1,51706489670267
"28";0,658297520850643;1,39990465632315;1,42075391689148;0,906380188496307;1,18094217746671;0,559101230777534;0,282729044821012;1,17200933547312;1,68458720161793;1,51751439118882;1,54050311297265;0,367698998851036;1,17576453526692;2,20416256697935;1,4154355790673;1,41939385322111;1,46251032014211;1,41712428731432;0,42178691678701;1,8034589241011;1,39880374605654;1,08018518561469;1,44770630400588;1,64716772091036;0,63366252844525;1,40319102178783;1,52727451369195;1,71285651186313;1,60372259037389;1,40268744789967;0,615001884354592;1,31540573863894;1,41092263846679;0,386938409142202;2,40544863166864;0,877253669394647;0,335406412573598;1,26815936446322;1,20095428916344;1,51940523096067;1,35928518927923;1,40067368598021;1,40651803194905;1,59436566435076;0,971811168213962;1,41469850014592;1,61255553173086;1,1407441570467;1,36300814462817;1,40452179889078
"29";-0,334547094043018;1,412055854314;1,47195762562646;1,40166170534614;1,29306955676745;1,44602452961966;1,44660052993613;1,56617473546518;1,09405202346308;1,43368403492513;1,45921653490121;1,39143426852231;1,38493234856575;0,74081120453257;1,40070025848428;1,42351706429832;1,68695774888966;1,30171420005515;1,67444319922962;1,38692666030363;0,581901097692194;1,42483457866852;1,56692575081653;1,40612662511466;1,41481581293512;1,4572227897559;1,77373877753747;1,37877077230503;1,40008975010403;1,32341663454182;1,57263958391905;1,45281834694912;1,59627649594267;0,525592094860194;1,56965484135794;1,1275704830508;1,62033732374133;1,26198883715308;1,40041102379232;1,37653084918346;1,44300527742796;1,5358870683947;1,49245364487697;1,40426666628261;0,853583912266268;0,777591957705996;0,829567940540526;0,483107171524847;1,32994928516899;1,04085738580902
"30";1,80606069357975;1,08244386536608;1,48994224114845;1,18361311075757;1,4433915628741;1,65428701704527;1,43005209187781;1,84854484639174;1,3423039314995;1,40011390680111;1,41087125236093;1,40628616822347;0,902928114460197;1,40481800633192;1,44022773551087;1,72011631624088;1,68805234852031;1,41584570129287;1,46396582311044;2,14453721751754;1,35949170754809;1,56170058446849;1,40121114186054;1,53047073353726;1,41255196333967;0,698315514564661;1,36743236783184;1,42062472838647;1,66077680326362;1,40382695500272;1,40090880875328;1,38714834096377;1,4053131576044;1,48885935472421;1,491289600763;1,53754484288037;1,5135237803701;1,25477157064588;1,40575772707214;1,29536297614678;1,1763117421237;1,40447240397593;1,12513877925555;1,51043021775327;1,42778089588687;1,67055813063299;1,48591153993323;2,01166354691731;1,44955331238528;1,4681577608341
"31";-0,762939022340147;-0,0551185164393821;1,48873992977893;1,39539511593702;1,40141449321166;1,40244651647721;1,56817199086507;1,44526572376375;-0,432774784514724;1,32406311540062;1,40238185457321;1,90221424816587;-0,415832052000899;1,40093813069775;1,20743347164695;0,204779368998911;1,40197782470024;1,6014409823355;0,877234525691652;1,40125372256632;1,48241783016635;1,68137885083388;2,07802909966645;1,01521532050557;1,54991870864679;1,40373672258054;1,40417177943666;1,78769755224065;1,43118851454555;1,23277197472191;1,4343071428085;1,54185448693508;1,135331375413;2,10907600223137;1,62547607637501;1,40045726609332;-0,79200915651809;1,68551437492134;1,28891271262715;1,39331477798346;1,41389811163905;-0,483561396255736;1,48966828672813;1,40823687086157;1,47150848309693;1,40059742577274;1,34928564206617;1,42621464470904;1,4565994507121;1,42439349849638
"32";1,40119341015242;1,39901634724338;1,45784865441963;1,04985383704232;1,4049663503151;0,388156765479422;1,26332930988342;1,58751346660601;0,918511652653351;-0,213045169587676;0,672774569254041;1,48096489373343;0,795762321672214;1,44502392091438;1,99169281299018;0,762890662768643;1,16257750153376;1,73032736536314;2,2451974008605;1,76396955241517;1,60927985121272;0,708473551203463;1,49744711114942;1,40270013923811;1,41765573905463;1,41755015906706;1,30240248033809;1,43458123903131;1,72172675000903;1,43299933832598;1,32922833357209;1,5306510903008;1,44623503514988;1,79505424861346;1,40869880440853;1,40607446645887;1,54853054451097;1,4075680157198;1,58218835991452;1,89249536321842;2,15366367319041;1,40589081538276;1,02610073383644;1,30301338285067;1,20075162856308;1,46737330836462;1,54346597744837;1,40014988231572;1,40626543698806;1,53936131413812
"33";1,40041271278472;2,45085833237035;0,862183879514184;0,0126277053426671;1,39424574732038;-0,984668361427874;1,439637032879;1,46015530904993;1,40207730980774;1,43207716171296;1,40322633530688;1,65323270860565;1,48495639386053;1,41309325086558;1,24451451074704;1,37585269622577;1,36243810480294;1,3721723864729;1,49324253154698;1,45277167439272;1,39427235355216;1,40534179458926;1,4487467502503;1,25513573602076;0,921777948627473;1,41256184439427;0,873653619067116;1,80919387179444;1,42125615820119;1,40153933219251;0,446843187016588;1,40221362757302;1,40186473454455;1,12916836477465;1,40285347994439;1,41223271066665;1,49620233825088;2,00528274160486;1,4295439489081;1,42285080553423;1,43019733821168;1,39781433788327;1,96491070382056;1,52397141399967;0,0492050657383709;2,09894716942759;0,218281478066428;1,42307304210424;1,41866561194537;1,3696725725619
"34";0,705033339288463;1,4038161602305;1,66042175893012;1,51311368545944;0,636133563115355;1,40095435603809;1,33744764810945;1,63583565042545;1,2488464330709;1,40795646359777;1,39910413849327;1,07391530691996;1,44911897495917;1,04970326226009;1,53410670063496;1,40174843400678;1,40400717341602;1,54419058072399;1,93091244063791;-0,59607203866472;0,961066497969187;1,41984959950051;1,49305838841666;1,34765352341652;1,44099408905138;1,0433117887258;1,53872487679513;1,10889781547999;1,93286278378169;1,46667080124283;1,42564211667053;1,37310412512778;1,36020951765276;1,61888357751874;1,39769106973169;1,43598621246188;1,66519136816114;1,4480119626949;1,52020766009877;1,32229257444026;1,42864539924266;1,42853067719431;1,40690134748639;1,0738096322267;0,82246405697436;0,51299765701459;1,40179391973225;1,41977491266236;1,39783686736585;1,42758092573473
"35";1,44379028198934;1,40107061677665;1,54294076050737;1,44401625572257;1,79322698158518;1,77823230508023;0,963983155087683;1,40664476559544;1,45413778131523;1,38876063190125;1,63447072543073;1,43326620510799;1,37854216112871;0,078504898210439;1,39599414527639;1,40268360599782;1,49287931686625;-1,11977257793952;1,32480092035815;1,48910965397489;1,40421630191903;1,67779355618512;-0,57841979589666;1,67832063308602;3,12504980857402;1,40141668796027;-0,326887620281609;1,48331401124426;1,43376068529693;1,40506982908529;1,61421097804174;1,20037939398133;0,837555631352884;2,20173234519043;1,45015644560333;0,715198159777067;1,12366586595568;1,44691599702908;1,46647480246954;1,44430563398196;1,44104185213366;1,45960166775978;1,40477826858539;1,40166791605752;1,4635708217476;1,40230886379831;1,42925902265856;1,51403565785698;1,98771197358443;1,44945141832809
"36";1,70221354465633;1,401371258645;1,91585305976213;0,253175514927555;1,71694042932754;1,46554298365377;1,5811774039631;1,40716405295769;1,51835787891432;2,04609039083424;1,39402843706446;1,33660672983648;1,40574298466268;0,97283067329595;1,23917716710959;1,84650408053926;1,46813079721524;1,39951466434887;0,0445256512840766;1,38913483156012;1,43795978565595;1,5282942765311;1,4105630654318;1,26975326396104;1,40640119689551;1,3767172319591;1,410795301812;1,40087560767277;1,39968231488181;0,824282032491053;1,43098367389856;1,34244473068966;1,4287266899859;1,40572800223503;1,42736297665219;1,61234046419619;1,40150821219939;1,40504945203383;-0,29592990445772;1,45801802472699;1,13025079401342;1,40160003902856;-1,36729977742612;1,58925273311996;1,37229685119166;1,17274602597725;1,55017514724252;0,880154462379137;1,03113533661422;0,0465980747760435
"37";1,40142599010003;1,88308781077365;1,40168232844131;1,40164119874547;1,39214268577786;1,74914295675078;-0,135908478716203;1,62322250575515;1,45340169345321;1,77791867967547;1,40597125804735;1,4075358611427;2,09302408427965;1,40575624457464;1,40455387501282;1,4116451676094;1,40086699724595;1,41985113659169;-0,409215859776438;1,69530439925956;2,03364429284735;1,4094262845716;0,703378932804775;1,43161594058264;1,42244545704343;1,33459883524171;1,40310993507344;1,26270249842871;1,78778854127952;1,47672333858043;0,798271695532424;1,3092273293238;1,52372724292016;0,776935176118141;1,65491206671124;1,39621927036165;1,40132195461048;1,23628928845504;1,40680075476005;1,30252322199379;1,43675102904248;-0,306257785213886;0,134173415022254;1,35278686249975;1,39963262057916;1,44435414659175;1,40304487848811;1,56247737011493;1,43694337580131;0,434797379861982
"38";1,52846067538309;0,181538772360543;1,40133489526383;1,40145088376425;1,53286788318975;1,53915304324924;1,50761797881176;0,388429787536156;1,27324304958205;1,40089383942474;1,40088788151867;1,5791094167723;1,40810379373481;1,95681975822745;-0,534529497680411;1,41347270650449;1,74306191300652;1,40216529618184;1,40653840861979;1,51783895762511;1,72260987415224;0,757490879767423;1,70943298124476;0,119923464580586;1,40685528247957;0,127225335135539;0,800207802013843;-0,806943681056754;1,40188303130158;0,0915600027807111;1,41392530915337;0,820004356698973;1,41847260343395;1,40876835241208;1,98356949707274;1,49798070862114;1,74508446261411;-0,639908251070511;1,50387227894058;1,48470634751289;1,31533556334772;0,878821225660324;1,0892355297051;1,40477939917826;1,3987255880649;1,58408822239534;1,24805631910816;1,40840245157032;1,4187285232431;1,37362666420074
"39";0,0615910509989162;1,64976156699581;1,05887922066258;1,08477519539866;0,722834990086988;1,40876090993477;1,53459139318315;1,30176904764792;1,4010608053764;1,45013516488426;1,40132307990225;1,39174369098267;1,4037795974125;0,406609896151463;1,02983483506207;1,68918909136273;1,41095048420758;1,38183299444473;1,40182884115063;1,96809075068352;2,10220260640797;1,40032680647597;1,09437651161919;0,46943187973183;1,99021927678055;1,41724811589627;0,47031826991126;1,40319511285435;1,39945018011815;1,41254763463516;0,590694537288615;1,79219268285216;1,44413780030899;1,40132502456374;1,34361757220758;1,29043112609759;1,40258380530491;0,898768067751345;1,1247934886644;1,47371985433387;1,40160662104859;1,34334274230813;1,47396177113611;1,49278650607519;1,09398886053692;1,48649664169011;0,713294143152448;1,51716691425492;-0,786220248280388;1,41754804785427
"40";1,38580041199789;1,66044433436639;1,35468580028374;1,63266842619658;1,40266712885676;1,48182045973533;1,4326736914925;1,71143202131072;1,42115362885559;-0,320412874640152;1,45062016437289;1,39760833824749;1,5732364551165;1,72966927052569;1,39977733244656;1,44179485357721;1,41014299986634;1,40337351024596;1,25075640414318;1,36412301953967;0,60773494335263;1,16957644272822;1,01839704631786;1,40194647455172;1,4044362627219;1,4019146287695;1,65078614508124;1,31194473318309;1,62086718949778;1,45632672092472;0,988937109319591;1,91408423812491;1,40355847498279;0,12346105485465;1,43284392963838;1,5725158688763;0,732879186326437;1,38556547930018;1,02659221468479;1,40908906686291;1,67689502933434;1,43267073379734;1,61015615411933;1,40253342208329;1,37214837842562;0,508606937622694;0,950569615628917;1,40087495852202;1,68312179606267;1,22055871188512
"41";1,40316407813109;1,40145475611023;1,52553013239963;1,36232316871123;1,69581574083546;1,41191997343713;1,41236921349506;0,278246163263158;1,5085652797936;1,48675053314654;1,04311887408627;1,40525310490887;1,85484035178921;1,40437262740635;1,74610974143974;0,928469307769122;1,34052572931819;1,41679350720368;1,55684287978867;1,42813358529445;1,56454707012245;1,46205690242428;1,4088265935424;-0,374440519270141;1,403594305055;1,74004860824969;1,24231926078195;1,5693062989251;1,40034691186863;0,366835517713754;1,91865082045964;1,40400460644728;1,26970630938798;1,60822958466201;1,17529467873768;1,47265015931483;1,30445289900028;1,39200635193076;1,4037385675319;1,50057105894145;1,21796665882944;0,920620701348038;1,53217351613165;1,18843651629217;1,4320364745882;1,08625858811373;0,390775179650232;2,18590782173774;-0,630509253280311;1,5214756088128
"42";0,704695510973618;-0,13822502248597;1,14502489814449;0,943836646245447;1,40381033664842;0,354784607238464;0,422843706932596;1,41097538217816;1,39712405150097;1,40078297935825;-0,201168235625899;1,40665704215797;1,40454606633156;0,734244298463413;-1,39287233131621;1,71593425643728;-0,411111795306576;1,52705759803924;1,40829441976929;1,51798182984853;1,9720411363978;1,40077885498889;1,40212430311672;1,09894624362923;1,41590222899024;1,40593099033997;1,39232056643653;1,50258206022217;1,38234406221576;1,41371686960467;1,72511641218014;0,84359312531526;1,40097692468045;1,18656876089324;1,02144593157346;1,63733608461708;1,40167366622331;1,80686728266936;1,63895428588367;1,40418139703833;1,46086255554141;1,6931117570676;1,01445556397869;1,73684336937082;-0,471031940668716;1,64924670146166;1,4011444787042;1,97811089663102;1,3312146974332;1,41010921362112
"43";1,85729794751052;2,30330362691387;0,927099194709267;1,84776383763954;1,40204786767379;1,4056919692425;1,42518058006411;0,921799881220952;1,4021196868116;1,42576342067547;0,81532203541469;1,40350107129823;1,82019046113783;1,38880092941166;1,41268147770438;1,55572247004905;1,44317284045314;1,54573686107024;1,41485932863884;1,4346171706646;1,5509736411025;1,40213899335112;1,69804767833188;1,4056732537351;1,15337860683477;1,4093369488093;1,40162502760734;0,331280004962979;1,40251711135447;1,39827538423969;1,70219572629864;1,40299354957108;1,21558211353548;0,51264187994672;0,140435504736065;1,60874872147844;1,21402664627163;1,05106878705705;1,88166294656552;1,30474062198846;1,5217994223085;1,52465167769516;1,63892243152814;1,87640275526949;1,4014909251818;1,68934287348389;1,40247706695459;-0,384028704429101;1,62532336737396;1,37875953796639
"44";-0,171058672508655;0,608725878770447;1,40443599789837;1,33780689558587;1,45770283650815;1,39320217314877;1,04677347964321;1,72686664858029;1,40300435364771;1,42983261851542;0,0507831552623434;1,40303686229223;1,29357158044169;1,62126091745823;1,4367753474231;1,41275889124509;1,63314749570281;1,56585994508605;1,40221617896999;1,39145730390184;1,95946340641391;1,48853240650686;1,41575693379427;1,40395774084918;1,56212354055416;1,43591167983486;1,39244767314618;1,43542546540836;1,34789097418114;1,43611953675533;1,33963698079678;0,213677232826432;1,52764104753598;1,4577601893625;1,40103175220934;1,40293460300399;1,39297306959287;1,39419387986675;1,74991664411612;1,90525072924214;1,40227160633412;1,32673873364129;1,86880843497704;1,40820938113628;1,53923906809288;1,40067941445415;1,26510375574734;1,53532990078773;1,40329480969197;1,40169975660261
"45";0,815536425098091;1,41288493917883;1,35586053466216;2,16859937859879;1,74978509441573;0,746875788712986;1,46987487245135;1,40072063447502;0,204881814020576;1,56295467560175;-0,526362184319706;1,96719159875452;1,69581565548628;0,952781696971886;1,40261473765136;1,49333842522667;1,42249395652011;1,41495077007303;0,223526425657547;1,405898792054;1,40474640351265;1,32784456947112;1,40404847966259;1,42464821651032;1,52195076093015;1,26798838259461;1,55750740907216;1,40197170788376;1,30399425545984;1,87959129434887;1,524614568227;1,14098731902774;1,17929497616677;0,715924504493301;2,0555553672863;1,58951108522563;1,32999465013778;1,17283870016529;1,1970184212556;1,42158516023407;0,446838515549568;1,41592969072986;1,48376037714635;1,54131243114486;1,98715106902139;-0,301774409474678;1,46721175142912;1,41318861444513;1,37694291354538;0,196297607194734
"46";1,58796347662388;1,00845609341061;1,49555945302834;1,48892176815896;1,37302327029991;1,43356050415602;1,43069750018328;1,4002557742279;1,4143279298253;1,40072620793597;1,41909724676953;0,743726459990691;1,34274102437992;1,41137470433676;0,67420235077638;1,40126869724159;1,44576033722767;1,42353108299955;1,41240172312288;1,55788129798185;1,44173554402676;1,18529673551626;1,4069229141755;1,26866002282274;1,43295667323982;2,0587687301338;1,49085634204264;1,41115381907924;1,69912070922216;1,38187891820305;1,47412410176109;1,62029767975576;1,32398245413022;1,47939255658123;1,40519164179463;1,1053951532003;1,56283268938102;1,4061590215103;1,40587033958399;1,40180572314779;0,792581517134201;1,52660357510413;1,38627593867524;1,57904883770406;1,24805947808312;1,65534706751957;1,28071144069307;0,202800280199324;1,51998276268148;1,4156038188158
"47";0,604370977351126;0,874491923905537;1,40265242508928;1,35598562718085;1,4059197831384;1,49583792725456;1,43982038544452;1,2596891650993;1,40075124501633;1,61643317653198;1,4042614406974;1,4049781105449;1,16949705212008;2,12951814144976;0,408364224859367;2,2283974570109;1,6189172290519;1,40113465177838;0,288799061497856;1,60588211895979;1,40083071500757;1,40111942506957;0,722801904162228;1,70462435178069;2,02255487187574;1,3525032883139;1,40989866314073;1,3819388395713;1,42438896600068;0,285448965335592;1,56505314758067;0,772600030194364;1,34172489352665;-0,943877849866403;1,43994737386206;0,049132163588296;1,40199424965582;1,38747448905639;1,06557829235318;1,38474848492796;1,61248006101069;1,41161485519256;0,326902862000023;1,37147133048984;0,818971911584529;1,48868577748751;1,43591444630443;0,503597543862368;1,39203549867565;1,7994954721697
"48";1,40209533703364;1,41929475316478;1,51703408760961;1,48267311619516;1,88734533872518;1,41632966078171;1,56570025010576;1,48886477136123;1,69535774585544;0,727103796787599;1,4304061018698;1,03471602145773;1,44641172224091;1,81909324542317;1,71787650410746;1,94363781614149;1,40481880519815;0,710968706356146;1,16554141545692;0,803306817148529;1,14993843787321;1,40185171186972;1,6435169185874;0,514690942014473;1,39326686297596;1,52895754422535;1,32423349227038;1,42176611730458;1,40474342182099;1,68908225302187;1,53803481191603;2,01047189467682;1,63168145321193;1,43778533220225;1,40291179960153;1,10148754261537;1,62916945678659;1,43046900943676;1,41915532425981;-0,6681422572336;0,0940040622447791;1,35266188358823;1,18548292490526;1,0112141759349;1,27477742912481;1,76893883852818;0,495628554828667;1,77396631751957;1,59349820871955;1,40281667111733
"49";1,61394684881606;1,27450213398567;1,43096360356959;1,4007461001913;1,39792767216967;-0,255338683272311;1,42850391393193;1,44054865822148;1,01772361273704;1,17381199763186;1,32055776687268;1,27577949918513;2,00945064468561;1,43129050433612;1,39927230339517;1,0494627929947;1,43352955934867;1,37642976432891;1,17647556229403;-0,21654464096822;1,52348879516415;1,41827658885774;-0,176188218349902;1,40064699946655;1,04752381623399;1,40750780586019;1,40246789267051;1,40119703099677;1,44962745654121;1,47175402149873;1,4066763666822;1,72335211069286;0,46600340500115;1,46530604075471;1,4489782429315;1,40253219744093;1,25717430292217;1,49331243030121;1,49784478383745;1,49341217954421;1,42598468575849;1,42048994471823;1,60471299143381;1,39934047689407;0,154006391413121;1,44598855695952;1,21842345701937;1,39493476417654;1,39830271419874;0,547789598606266
"50";1,1621272208927;1,90315827904809;1,34549389150869;0,658812607389107;0,639579096893446;1,54078429771955;1,40335128543836;0,383594264545309;1,64170739607748;1,44342154291339;1,30920363264831;1,39982265622007;1,67311369037034;1,37578087043918;1,40473303751519;1,34041694408622;1,38987731506185;0,303280060233279;1,46956098484619;1,64221175720429;1,42407049393161;1,29165709552085;1,4048597940052;1,49432431620037;1,38843937706013;1,61112207029927;0,815774721488711;1,47776869127374;1,37869884178006;1,33781834208791;-0,687820290186803;2,2184680121519;1,42035013463649;1,17098927962899;0,766302238632034;1,47430378044571;1,16431787009557;1,24350464982791;0,941902533272972;1,57851621958202;1,41765571233401;1,4022096666566;1,57223920403886;0,745260131545946;1,53363435567757;0,908154665690701;1,40124864344253;1,40243054628717;1,428493642687;1,4012728476494
"51";1,40643708526051;1,45323362525057;1,55987221211647;2,76882080701487;1,26275049422778;1,17739131893029;1,40283435690565;1,03120232493098;1,40982896487708;1,41668758675613;1,40564507568248;2,16344729870174;0,812683632974437;1,49309722809141;1,63451035297165;0,197608620272079;1,41001967880635;0,118324258261467;1,41026360674191;1,37074430379063;1,50250215237783;1,19657633531497;1,39848901226053;0,347844698787219;0,889096954262808;0,330596971882211;1,37956625221905;1,49180956797229;1,17830158471441;1,40233244807413;1,15732979768331;1,40053231884054;1,41354605100964;0,754719559134601;1,58453458522037;1,975161494431;1,39398815012497;0,762379182650457;0,485216612110474;1,43744456017809;1,40251093452937;1,42907680528916;1,42581572284377;1,40787431367614;1,82151479910081;2,50232356104971;1,4596738100045;1,40518625648172;1,40295765447495;1,40114203792742
"52";1,4096620630398;1,44798706550529;1,40450383199228;2,17758373797874;1,45680584946408;1,40223617366779;0,354353878564257;1,42595327852628;-0,828895951278704;1,40799417617939;1,91984265340335;2,21385911831057;1,27079923231186;1,45291523223221;1,39110648957819;1,51619253582838;1,41067891953147;1,03155025243766;0,544985552458619;1,60597200433446;1,54166703784011;-0,126134218578179;0,0434860473999992;1,89519860057481;1,58140799009168;1,76597141653441;1,4168462386749;1,40219799528758;0,797935704149509;1,3625599601657;1,40598775544911;1,46213852817125;-0,520608879452211;1,43878478470164;1,31493269996985;0,302606453670537;1,41857750986107;1,41272976408521;1,33202496479749;1,36017301252345;1,63830953746165;1,40332245473472;1,40343879563119;1,40142870642101;2,06551486927534;1,26291575366369;1,32918776240981;1,40191158430767;1,27813864453609;1,42078798415312
"53";1,80440055793622;1,56817360731298;1,8329661617908;1,4128705014739;0,835063896788614;2,04305637859269;1,40572025263566;0,502141365641566;0,0671847472267793;1,38741602931883;1,44882412183461;1,53154675542169;1,43499090839376;0,584777593388407;1,66023118506017;-0,0819294675386031;1,61380544769311;1,40682058651083;1,5443812266832;1,42373625745073;1,36844090781882;1,40496727181781;-1,21209477397615;1,42887736241539;1,14749159132075;1,14808242045356;1,40144018574404;1,40761253131014;1,58844997985691;1,26291904216039;1,40905508319963;1,4098365791792;0,133272975087655;1,80158683232248;1,55515282791502;1,52427408610332;1,40590466129834;1,41716708189566;-0,56566098856204;0,480478644051965;1,5219896814823;1,62730038654506;1,43537876124012;1,39033220381468;0,779183497713299;1,42232075286678;2,13360814305907;1,67344830759109;0,710687015419345;1,40248562303503
"54";1,56068516908356;1,47370260443028;1,95518049012793;1,30722018229847;1,48733526162424;1,40559768179428;1,92001301128039;1,23599505319952;1,49678595637329;1,39913593818045;1,47635086536088;1,50871372444694;1,40102304265606;1,41831322286152;1,46684606249981;0,924215457023582;1,5357415941898;1,01175149000832;2,21555336767596;1,52942141302341;1,91877749883601;1,56936046652635;1,68124766598787;0,921996133609683;0,546755690898739;1,35147223057399;1,68198018908556;1,445986102737;1,3936402619863;1,6780560292837;1,53756087383621;1,56030987479699;1,40830784159094;1,35124148874586;1,40103995358976;1,50357846689321;1,43751084417631;1,53520981640909;1,41267480590679;1,39852475324413;1,50435206042912;1,40226606052194;1,6191459207262;1,75966530723522;1,40114003566881;1,43294118543468;1,73461995480925;2,13764338985052;1,59114143848307;1,44139081060391
"55";1,40135753203832;1,54469486469854;1,52259271014694;1,64372976416401;1,40213015367903;1,71336959328791;1,40722869863582;1,42184294433295;1,43794869879689;1,75657423668159;1,41718597071154;1,40263671582791;1,08740008733262;1,39595632193453;1,33259814385395;1,50886574226676;1,58737579573746;1,34616606146012;1,47052305375023;1,85821855013681;1,33327724391798;1,23927903847147;0,855250018761961;1,33453934647723;1,39338614715324;1,4031598901;0,733087103120791;1,36231037419903;1,40218938808996;1,91145675408073;1,49999279318174;1,39517474266412;1,42858516330393;1,49733523728629;1,43474442879657;1,70987891068145;1,39560983489519;1,46864082313013;1,39246399222514;1,03100954375523;1,13942052163374;1,12177974959623;-0,323602229373411;1,43427986671316;1,72296981823433;1,4014396947661;2,18277904817872;1,44655450159259;1,37610751196363;1,98004607403681
"56";1,45523473813397;1,45627216840676;1,40053676597627;1,41101189875351;1,47946260682431;1,4025285814782;-0,103870671710506;1,40149360007691;1,41023594898432;1,40204266894423;1,40023894161842;1,40174733005581;1,38760038313359;1,41074731360318;1,71555720520421;1,75314376570488;0,488109758805086;1,09624908812405;1,37943193056216;0,53234862187199;1,68754400983555;1,40427754519713;1,32201747329968;1,18287243913632;1,38504009668128;1,40206038959546;1,73849081323033;1,46015298661347;1,41648867482472;1,46875571949075;0,314125082012244;0,200222592249069;1,40112577260643;1,34111505635523;1,21318910696806;1,40926848220525;1,40123021385298;0,649676097035896;1,40487501463729;1,11492981880212;1,86695164213259;-0,281197663473548;1,4056348129925;0,998238057940246;0,284022722425154;1,45983890751128;1,41190225414617;0,850589410373241;1,56452475169733;1,44914058040371
"57";1,71125559194587;1,38287463374261;1,04283449304999;1,50784380804607;1,24334165033284;0,78385407659142;1,1795449853638;1,64588950227503;1,40184774485721;2,10245023523066;0,654783948612541;1,40077209835278;1,40049042686521;1,40121146615058;1,41825040066932;1,28024206808707;1,40842497086125;1,41221057108033;1,45103182131679;1,57675498679507;1,39066604793839;2,11626618064507;1,41260059155706;1,13190221383219;1,41737556088097;1,3321747317637;1,46964906288121;1,40194917820942;1,26132470767516;1,33379560332612;0,890391625911993;1,43328595112158;1,82563826223696;1,0455576390681;1,40312706672255;1,45529270842131;0,978723296637932;1,38618997580124;1,43099765377041;1,40332846164153;1,07482453191321;1,41302234652274;1,50948627639846;1,34994540699524;1,50083848269469;1,40083532902042;1,40394373902774;1,4027220349207;1,32918980510362;1,40135627181865
"58";1,51424050385316;1,44931027546447;1,40569886492558;0,472642235579992;1,46662118746789;1,2796558471596;1,20291205996501;2,32779636628145;1,43357734177352;1,68563707935627;1,40147595218918;1,65057840160442;1,79147575735105;1,48746342986715;0,400066050042946;1,40800127493932;1,41514204432054;1,17491690820339;1,40047772070541;1,41007177955584;1,40394134535069;1,26319747410958;1,00500800880797;1,3147322656347;1,38159947956367;0,376367621982417;-0,316446711161768;1,40511778204612;1,76949371102357;1,35857020820513;1,40760539426127;1,40751452706417;1,40612575500053;0,478479512498954;1,40674485240072;1,4050950634127;1,38267096940893;1,40694614514774;0,979928775538346;1,56697091270916;1,18018691622811;1,38153450561821;0,944101663784228;1,73494043714261;1,61543206623416;1,39846530195523;1,59749553273234;1,21804260257066;0,896877232075163;0,232891198955569
"59";1,35906052098695;1,45856784271185;0,552757987720161;0,864494513418679;1,4058159644608;1,44658517882731;1,14170622378037;0,153193345617693;1,24012835258601;1,205435213305;1,11305029582106;1,40378769361164;-0,0173971733204201;1,40913051977173;1,41942956453908;1,43542845269806;1,37754496078031;1,42065874185057;1,25127995088529;1,8321549392726;1,47567207118808;1,67832253649787;-0,00173276128946842;1,40235515541195;1,40060953144977;1,40524229934113;0,929615099823926;0,963824817185615;1,39660833951212;2,04241120286187;1,40660016128439;1,40282444496611;1,40173458238003;1,50193968242745;1,52516517758004;1,60853603740356;0,802188973671337;0,670110698987411;1,78042658471196;1,68522625943293;1,4517012764288;1,39662297219579;1,4056794328534;1,38649306086612;1,40164785054177;1,48026764274598;1,39084347662609;0,092964923947811;1,48352621707212;0,875484979255121
"60";1,64518274742699;1,4003455136825;1,40134272460614;1,40226242319724;1,38503523383424;1,90097751468349;0,731246762498352;1,63673243852912;1,02410489561054;0,94810252138275;1,4039600110421;1,40409627832984;1,41194336607891;1,40281574313204;2,05179595012087;1,48873545456029;1,52324882381744;1,36006843300078;1,40806971535018;1,35881731651394;1,40076568155391;1,09390233148888;1,41291306534466;1,52330109489119;0,251536084375426;1,40321006716892;1,43208447436399;1,39265305628846;1,47498589848382;1,67569090983498;1,4073319136061;1,606811676502;1,73780210474301;1,96286763268636;1,42866364318915;1,52682329066349;1,41787250780807;1,40135777938013;1,40011598923889;1,60421794825081;0,480254147592686;1,49255603744535;1,34646482860568;1,40460800090448;1,40041702052022;1,39556048023757;1,40149661557888;1,3945485904293;1,61730065490504;1,40352828874688
"61";-0,108662483490241;1,4007061370363;1,44535393380167;-0,995479692845241;1,40615391137918;1,40171104690318;1,44350343323459;1,64560758771026;0,409296855973415;1,04840390060372;1,0390074534185;1,40182254537316;1,41360374248521;1,19902347221696;1,4039188018152;1,47368808371002;-0,490580422768078;1,40097645345376;1,4067745098624;1,41332520662785;1,05566178546245;1,76165129812153;1,65556623771478;1,45049660865352;1,40845988814627;1,63481306106443;1,01673869755647;1,0227200949264;1,45440688858817;-0,475727481908353;1,19271431506988;1,55930013746244;1,26317816651225;1,40489850040061;1,4070913060302;1,50469816791342;-0,257014248375251;2,01283811115216;1,36669684520006;1,45329806615624;1,40378023629856;1,41310753181281;1,4101535454472;1,4010905281264;1,51468815729356;1,41822065664234;1,40473373660609;1,41804473552789;1,40086518456151;1,40987731554035
"62";1,86847690716849;1,12840422609808;-1,47312594622411;1,54995431239965;1,53143997454851;0,0398212084688376;1,40312639011644;0,882397348819167;1,24396651794804;1,52476601269477;0,676149501373625;1,40113402729289;1,35266473720461;1,4025927858404;1,4334497105327;1,57637977907769;1,46809378691129;0,239124161026827;1,19959545371745;1,5448261639351;1,53914270120433;1,66022233490965;1,48879968541543;1,1631888947967;1,37597400020094;2,08925588865828;1,41790335647204;0,893107486931479;0,570960102363088;-0,417655903394483;1,42146904353739;1,37350743811328;1,48363766595578;0,424765222639013;1,49459400915592;1,41184382505228;1,45603573656832;1,31951863060119;1,19749133059525;1,46167139415694;1,40184243959451;1,42598444576184;1,39248074551167;-0,371107166159484;1,4117600438382;1,11361511893967;1,44040219083031;-0,0828702069253513;1,68784852088698;1,5474879673698
"63";1,25687945077389;-0,282058338602645;1,40154190040163;1,53155937414406;1,42016628787052;1,54678548884275;-1,3054846510386;1,54232071433029;1,46651075975262;-0,0721695656076777;0,542787409357565;1,4140842826569;1,84761657589075;1,44053262912787;1,31713382114141;1,45089959123006;0,366706746075201;2,13973978937662;1,20511467636288;1,40546509421925;1,20184081826083;1,40511631153886;1,28935870251882;1,4018664385211;0,956122251297925;0,796616785790556;1,50130738585263;1,40193787704277;1,50458705951061;1,53641424196997;-0,0675548895688731;0,0144511652281576;1,64830168206146;0,63306176500639;1,30882076775732;1,43458003361107;1,49809211956582;1,40972447474124;1,40225869224153;0,598514649537447;0,123271074821417;1,40364821547274;0,288795353189289;1,3832118300689;1,09374047432195;1,19747495750696;1,61941811658247;1,55050903772163;1,42571003306127;1,36166019075555
"64";1,9007798781713;1,14302918534908;1,38300007613101;0,981318091910903;1,55589198205568;1,34037642663105;1,40197498376439;1,52829109273975;1,55615943804409;0,719219802045819;1,43466373080264;1,40663090688232;0,745127220867209;1,41542443780714;1,53853181671024;1,0462662808926;1,48266574125947;1,39858900673174;1,78010524709968;1,40085187967228;-0,781965490334986;1,41238984893675;1,43475206365217;1,31742895198565;1,75444475959503;1,26223806796086;1,36716215220834;1,48309989361774;1,56606323134141;1,34510828395356;1,41161620211393;1,40557760899448;1,41449705785936;1,08917957597166;1,36025832068981;1,38542640713883;1,06588284709599;1,38259996031164;1,75336670505762;1,40289621757349;1,40302437475154;0,882135060061606;1,51489682633251;0,536859559424093;0,803022225410065;1,04258510481263;1,41489576540156;0,773745577274156;1,60277775803985;1,63306953210132
"65";1,38804810102876;1,25339421543794;1,90181971683308;1,37261763432173;1,4522464053993;1,52158294895034;1,40063071323332;1,40636423924097;0,266526105447682;1,45375969833207;1,40722140008013;1,59209031052178;1,40225440223181;1,36850946980739;1,46420830080562;1,54084993220107;1,82966971505562;1,28607782629631;1,7330429926292;1,61197398936958;1,34302584238567;1,4213365602834;-0,286874945288755;1,43445775642174;1,41573173765084;1,46539273388487;1,40222234988718;1,79426604953004;1,31960824798763;1,33186836777388;1,40133534542992;1,16013900579405;-1,32652287815413;1,40178815121704;-1,71491878026123;0,870978663170932;1,51026586129676;1,42148636112707;1,40204683129092;1,11345487768789;1,40169310916429;1,28227878051405;1,81136451536713;1,02533542846697;1,49638038739456;0,737716957148062;1,40432523843961;1,42015108302533;1,70624023487389;1,32745022035244
"66";1,40602219967238;1,75161839859786;1,43170158723484;1,49891320067815;1,40469845858792;1,4033682511401;1,89885839328306;1,40121494561731;1,4009603944271;1,18238683076384;1,70960563204513;1,19255835192784;1,43393289880819;1,42119211793356;1,40399977241001;1,4017178569234;1,40130695152195;1,40674986044368;1,41306096679911;1,4064625518632;1,4021402347046;1,43260880912793;1,38298071624227;1,7046121173093;-0,373672140580138;1,44247644638781;1,19528350414821;1,39657588282125;-0,953783800002308;1,53136291866365;1,4007372205326;1,03359988176501;0,6488067163003;1,41477484700135;1,53308304547013;1,40475183361377;1,44663366398762;1,6021388558097;1,27804365441024;1,40184054536735;1,4336240044507;1,59656015501119;1,40310479568242;1,09726809242179;1,77522976607198;1,44314072915072;1,41700060987286;0,31030070778167;1,40225330481842;1,34525982543873
"67";1,47714807495108;1,4032071876359;1,42246790717359;1,60720674454043;1,56047604615201;1,16748751774866;0,737598439185331;1,47262655126128;1,3730180936458;0,822905509987862;1,45137079753783;1,42527901526533;1,40918013161725;0,535883607367421;1,40744355395505;0,127553617607026;1,61221468536567;1,40323734948001;1,40136626340245;1,60119617240076;1,45860706321361;-0,122450033333493;1,20477991953939;1,43350308373233;1,41067242033061;1,45946358094895;0,431487319321617;1,56197683950984;1,42039785470594;1,33536439056216;1,40593276562646;1,42913405930302;0,950798446929438;0,391211085861822;1,25778953489646;0,478095375641725;1,4822822422738;1,52992225040698;1,54260601490913;1,29972989243323;1,40154466752241;1,45059173258463;1,47480533833148;1,36448378520732;1,40286566506899;0,983467383662364;1,13846186357846;1,47407317086378;1,40721904862582;1,4425311854424
"68";1,45877231735057;1,43071755265141;1,56296876870719;1,73733614461891;1,43106503276253;1,40181165311546;1,43171457300357;1,51189523017825;1,38718879007423;1,4084194047072;1,08101669580939;1,40183730675638;1,43896101963025;0,34143084545935;1,14465157594837;1,40694235513559;0,807309979554405;1,5252218458769;1,6207023986235;1,56110901938841;1,51803822359406;1,41565538190076;1,18789257333139;1,28844798233255;1,40431721669217;1,77372323681568;1,30059356103543;1,43370738756731;1,45446215375869;1,40830363228847;1,27248380878428;1,51540190548512;-0,22593970910759;1,99396589081298;1,41776804899265;1,48547232018647;1,54722882003644;1,89358238282236;1,46422516820013;1,4012332902246;1,52756948974993;1,79084036096905;1,47538489490344;1,07944293525302;0,659080514976123;1,40785903383766;1,72817012042695;1,42348269310922;1,49614371091322;0,280222670414404
"69";0,618347866152875;0,976214261579338;1,47118871043374;0,742181459070413;1,1620295294679;1,22774425243055;1,11377290002735;1,84413478826243;1,70770181664781;1,43901098554296;1,39986845502563;0,868518661607386;1,40611234424945;0,885073118152681;1,81691063585612;1,40268507006617;1,17579302085699;1,28833548477817;1,03239354848827;1,44052566500878;1,29957999495476;1,40465263570726;1,61292625713139;0,249692233186579;1,41036094264816;1,82328230722295;1,68510044048218;1,25269582512457;1,38711097579951;1,40195725728434;1,57434515651579;-0,0452853081411861;1,55881071064964;1,40226503080816;1,24719098240031;1,65848980411446;1,33746881652622;0,764490336472447;0,456607933468612;1,1949939032876;1,52749608092374;1,40239749228176;1,40123468823858;1,52609824268038;1,40319929318511;1,40078384795643;1,0119736600765;1,40071465927767;1,55713317778148;1,88180203607591
"70";1,41147538843548;1,41236619762242;0,922839852658433;1,47585252692134;1,64989769550039;1,39999451458242;1,55159087759756;1,24960559781389;1,361465995593;1,78244823028676;1,44606426314795;1,43431461067208;1,29657303458942;1,41520329385087;1,7408977803625;1,40098756882832;1,47955465529767;1,43342019812443;0,492142497020874;1,85599091376573;1,57335598390194;-0,346682686640236;1,52516108054341;1,40588613147831;1,42082139564155;1,35809394664633;1,31609858160814;1,52740819283024;1,46331984212263;1,19632913082447;1,99735252907592;1,10134608208336;1,80747802040351;1,40873550957639;1,44216646673088;1,44206036365453;1,53313847963831;1,44107612865384;1,59899970391479;1,30128065820391;1,40425797550176;1,40050380167936;0,39432980088647;1,04986265257928;1,40439574376423;0,0758680787556507;1,3923650095258;1,47901168629973;1,23479681063354;1,4152702192962
"71";1,6524814251417;1,56564368104147;0,598384248781942;2,00822954936473;1,40086225333491;1,93936523477597;1,40914079986622;1,39754434398843;1,40088293585474;1,87142765853877;1,58038474876793;1,48159078969678;1,33603762413582;1,57789956171656;1,673681599483;1,30349325050577;-0,692222184723379;1,40106340034013;1,42459322214713;1,42581863424129;1,40407899782303;1,5367776729812;1,60018013571078;1,52190141732683;1,72223320336789;1,5952534025516;0,804202723352327;1,40122171351974;0,513815748805485;1,46584153057036;1,41502092495451;1,51552724341507;1,40053680597934;1,5230149426094;1,53131887958312;1,41660912782378;1,40328649390613;1,41261058161753;1,44269788287058;0,767232634047549;1,39082692126402;1,47992415790557;1,76728580782447;1,40869724193585;1,40320495872402;1,97351833408524;1,47633561805192;1,403702432196;1,51214264517148;1,64849455144028
"72";1,40021632986564;1,40090838931435;1,40181108529788;1,41140345464034;1,42211854129207;1,3232507508413;1,73030801114814;1,43922803043738;0,92433719602543;0,125525964627377;1,40114138426392;1,63918991419317;1,39213612084988;1,50897396162004;1,4069417058903;1,50017040133408;1,48867851347838;-0,0782887736131803;1,62771089884216;1,43583007731152;1,40268414548351;0,887334571747164;1,41036660160524;1,47409479969615;1,5571887282358;1,41074786893957;1,393291557581;1,38998214255814;1,4034566249984;1,40480860098196;1,41640668891572;1,68740431918046;-0,441365177086491;1,49524082791377;1,37747138280402;0,897277422281773;1,40584603865407;1,39562027173521;1,25191772801739;1,7297713063426;1,37961303025229;1,89218130429922;1,23303006579255;1,80817113522714;1,40314846759907;1,40438114470671;1,39190806915292;1,42984218736438;1,52588549161493;1,4813961386902
"73";0,873344134340197;-0,771242900024778;-0,22471754440272;1,8676528411424;1,5341236816219;1,44989879466199;1,40641893635091;1,40209164074159;1,2422518666081;1,40372094772521;1,47009250339469;0,21417631290776;0,0255834112211479;0,813423826401896;0,163868663251504;1,40358883485828;1,47000473724618;1,44355821002691;1,14368463466199;1,10099895179642;0,375445794676001;1,47623812141154;0,874798595340404;1,40048421951412;1,3563610933276;1,37358897203671;0,468523915306458;0,439287277736984;1,39484220003752;-0,161308034095379;1,33590236646754;1,90351849448079;0,261828611041228;1,48572650713397;0,958090417783078;0,309335407212589;1,87130207337721;1,39493437708755;1,77626773881246;1,53268064872426;1,38504443973513;1,50116486110471;1,968024391968;0,767587230874443;1,37322336711949;1,4715726091522;1,41039425737564;1,45032899069414;0,734751679044963;1,69828736864923
"74";1,28599366295206;0,985443950375979;-0,873061817178667;1,41963439184856;1,28625477207391;2,17456344092405;1,4002740438532;1,30469894984263;1,43323949904887;1,0023109505525;1,46243625037461;1,45300876503052;1,15699474767297;1,40124663810877;1,367196202114;1,40175207611543;1,60564595681951;1,39107951706651;1,40813814038941;1,39028928474219;1,38355555642627;1,46799293559246;1,81472144166335;1,40183291400796;1,40779416177503;1,39686600067549;1,60541361710709;1,40496930995501;1,40122879013812;1,40074065347003;1,43337120381692;0,770321830078601;1,91645400747636;1,47742300034073;1,40462070167501;1,40471244112275;1,01252403075675;0,630696600583898;1,06756118365232;1,54064118886952;1,4123686594426;1,23655151855751;1,46808296135138;1,56997949399269;1,42204586633474;0,814904315968429;-0,254432076265919;1,40474262862547;1,15440205737585;1,48470709023631
"75";1,41016877376302;0,57739619017525;1,24971647013037;1,16164786861397;1,40138590901162;0,684586627376307;0,707007948772002;1,42000487841518;1,4711085067361;1,12566347196397;0,861121999076906;1,40139527694996;1,55719512133255;1,40525694401413;1,32537943976665;1,43892724248326;0,944321922833477;1,40782830221873;1,23616011728974;1,50634832624057;1,40148652126799;1,47706126274107;1,40075286822745;1,4007610233912;0,983521611118633;1,40890974032487;1,65516091765278;0,523965692669564;1,41724488971664;1,40353144899683;1,4102479728584;1,37059885503751;1,53374931023516;1,40609814320266;1,41188481123602;1,73171416079105;1,12818039164797;1,40995560097004;0,598211553542951;1,41147328570997;2,07364045242355;1,81708126261524;2,35624950837085;1,77723223283441;1,69002252253332;1,50735824459064;1,01979564688891;1,42666211661898;1,50209112551289;1,65011753022118
"76";1,41029528083444;1,40895236299552;1,68541107364293;1,40241943079106;1,00870515642048;1,49942058353;1,63998290918326;1,48342860359389;1,14650617144807;1,72364137673189;1,74323184021352;1,40332945523386;1,55073932303993;1,29511553108842;1,49219447857386;1,49092140887886;1,88022667366224;1,430002287993;1,47725774134974;1,19223591465636;0,680567855223313;1,31840521904792;-0,83800858404407;-0,227768944435137;0,326195865279957;1,75518470145678;1,15160827773308;1,48880293513296;0,883034341254863;0,211647547140909;1,3124610692593;1,40306007829938;1,4041700043442;-0,976807811313869;1,40824945993344;1,26954403403832;-0,641805058983959;-0,991398067537686;1,23211118245903;0,53668313567728;1,55536120208309;1,41100797656067;1,40096678398519;1,68928920082426;0,0267650571745568;1,93435123479472;1,22198506554338;1,46312412088238;1,12401659572587;1,45434688856241
"77";1,12655687109206;1,52968067058042;1,40270939862727;1,50051074148304;1,40088439541719;0,315377165588548;1,40484687077624;1,40450129665777;-0,00314847939145491;1,34295613840678;1,00487950514043;1,46508171270298;1,40449028776077;0,966881041536286;1,30506332994274;0,197336767182358;1,52210034319938;1,40137308288626;1,47188640665896;-0,115697681217378;1,43484074221847;1,42190878809443;1,380852593302;1,40512653479097;1,37815263852182;1,78968873445332;1,92506310072369;1,14104321387079;1,40044301019064;1,40503526589713;1,40764665648191;-0,335841625018372;0,943160577773321;1,4108656365053;1,10837116911025;1,22838983887832;1,40520051371965;1,54896763358087;1,36840515885812;1,76541810226708;1,56717517126601;1,42632381343358;1,31591286755044;1,41832594375751;1,40061310121243;1,57224488194122;1,45905950510501;1,04667847475035;1,54385189160292;1,41860655007927
"78";1,47413993003461;1,41497336564063;1,40990352388079;1,40222739387399;1,47675550738804;1,44278581514825;1,41942540905132;1,58672634745755;1,80448379818923;0,436056614727274;1,39985335865808;1,47375652273664;1,27984568467115;1,39449408780193;1,45989110337932;1,40157898011932;1,41223807160413;1,02366127351284;1,7886773006719;2,006353978991;1,40003306961019;1,54660622428889;1,4677002534707;1,39181168805765;1,39658123892217;1,82702213770405;1,40493577040251;1,25243209675158;1,40107219608097;1,40188280660336;1,41489299239114;1,43037124289883;0,103186788265101;1,44587923045961;1,36673779426856;1,69643688663776;1,21451155158717;0,998043774466032;1,4021833833472;1,42968656211493;1,3619226658921;2,02126038867479;1,35721931674275;1,42147432104469;1,42494264534583;1,40980536481241;1,67150928674273;1,49878701367809;1,3755460769002;1,42005820442642
"79";0,950400896634807;1,16787664734617;1,2118359932803;1,51228543596451;1,52610012606935;1,65227269970196;1,62395349806863;1,41344404619062;1,39094057145848;0,938711706328348;1,35045397385146;1,23028132886145;1,41023381584748;0,760736918961078;1,40792122498043;1,40410782524678;1,40326037039078;1,43400337392195;0,358574677960258;0,625811825901566;1,5533641221006;1,33636093851003;0,560089173594971;1,55455129834609;1,40357103349405;1,40476586947572;1,42621256648281;1,53530715478724;0,346786478952866;1,44958401716917;1,94071404919157;1,19991124992491;1,39879901874115;1,43806553098063;0,541327147114231;1,40031995872161;1,54560642758181;1,42987502636101;-0,636100810109678;1,23412170130278;1,40385901536769;1,44416527823986;1,45626778624894;1,10411330202068;1,42857909063623;1,40092316698401;1,40099642466822;1,40100735679551;1,39895750332246;1,39836457355732
"80";1,53663729838394;1,40447077897624;1,40228298514867;1,45393243676289;1,50475167015698;1,6199572513699;1,43381480089808;1,40392369357363;0,360210245765836;1,49321393215292;1,42276760617956;-0,196015144107993;1,39864460781447;1,17954137803634;1,50967428869191;0,358250805380091;0,998249029935499;1,56382417563865;1,52201750422815;0,560438001886329;1,40213415885782;1,24465557845946;1,29349947732531;1,40141049881648;1,45794465011491;1,24481123980112;1,564229910424;1,4217756275415;1,38792537933227;1,40867690728282;1,40276140078918;1,43507012372959;1,8773454865513;1,39920492567076;1,42785184828574;1,45122432556903;1,3504733890962;1,14855372723721;0,67735777035989;1,40275793164802;1,31336182523939;1,40744373054725;1,38814785382815;1,71200328112616;1,6663126634679;0,176712158415191;1,40693278493687;1,43209715847006;0,797867616399492;1,46465687135842
"81";1,72618511710736;0,506613607445247;1,82618356550311;1,40204067356179;1,40829511937743;0,888456471567781;1,41319543135932;1,40108177729997;1,41215153792787;1,40147775414109;1,72387099470447;1,39980628497472;1,5139565096291;1,43404759926593;1,40614672287175;1,40248073354394;1,43866677648853;1,400747103543;1,45426486635762;0,775528186163392;1,37251644007316;0,847747005025276;1,43572212524979;1,50689321312573;1,45139838056937;1,40056855892713;1,43206564040856;1,37530130983149;1,61454059310753;1,72291663859745;1,46285304282358;1,38336580692442;0,58450267775776;1,7402891703596;1,81684400781461;1,32246280506253;1,43482373291451;1,40094995578275;1,40052367965044;-0,552544808420618;1,43007622878593;0,639829727326226;1,40985750789062;1,05264400764163;1,38789490564867;1,409282096013;1,31812100223118;1,40607610351754;1,03626280637771;1,42636979127831
"82";1,52283073684139;1,3341259397505;0,773803577180567;1,74911373678764;1,4815440317263;1,41203965678575;1,36153397844009;1,4226943313158;1,33851544414893;1,43178776176078;1,74823257863726;0,847490059120148;0,893701854497486;1,50898626770968;1,50400326113209;1,30460662170577;-0,783405011930816;1,44380710667157;1,40088583342442;1,34788808346494;0,527643161674207;1,42034342590031;1,75189126537458;1,40373640499081;0,508308088248636;1,70746883948216;1,3986317718277;1,83052557164145;1,54749499934692;1,41250883129033;1,40549790955055;1,52146913625729;1,40220900939123;1,2824288841303;0,856335539709711;1,04974918246856;1,42042688329965;1,4028227244159;1,32054967548599;1,46956195468266;1,40828912006905;1,38349245450412;1,40048736313288;1,66125284623307;1,49257806139451;0,685158879612764;1,40424531720766;1,39646778930126;1,28219983503547;1,29621593552533
"83";1,74284588222346;1,83433162144054;1,48029818015894;1,45143256125971;-0,0221033858102775;1,40447468462738;0,903585585550419;0,961236093629571;1,40182356646733;0,816331775648111;1,28850198886046;2,49027382590574;1,40056242277519;-0,405320700766334;0,865361801139775;1,17763704627902;1,20114736553017;1,39281150930633;1,5396503046019;1,46263215572225;-0,134829701562422;1,41738219575155;1,01374403143974;0,925861545336971;1,42565080399619;1,43102249453136;1,54572812018573;1,40515811167696;1,4020473266398;1,42035463034955;-0,334943317919913;1,74557235911942;0,474184296832974;1,39105080082917;1,41712215860303;1,60798847054015;1,29538745442834;1,35453345603021;1,52039451157907;1,57257232182734;1,40508193865855;1,40881449942537;1,6217273421599;1,66250991705543;1,5717428164832;1,41807112384053;1,26272868323704;1,40048261198838;0,975604198688639;1,41481141487556
"84";1,49937491163837;1,36550840405194;1,42043964972827;1,49739048173072;-0,252220473412541;1,24352109083064;1,49387805823101;1,6038727825776;2,59223375404308;1,38401436100583;1,82721800397338;1,68853732741309;1,40976132689315;1,22435884783712;1,59491912315027;1,43081499257059;1,39297079293043;0,00180805331957057;1,42577141065445;1,2873747158511;0,945063582531236;1,40194766346207;1,43204182284359;1,08084118129244;2,06535236501088;1,40223473271188;0,988214857983903;1,37901164613146;1,444236441019;1,40427065433277;1,42746482264724;1,45764431149332;1,59348544963423;2,07079334775731;-0,726596382005301;1,4011270550968;1,49143943791921;1,89634240065613;1,40292928210029;1,46357576880802;1,286357897918;1,67813194917621;1,47390899192689;1,20178430260465;0,0129738992512589;1,40112627916047;0,998662332945508;1,91397230716804;1,15737761702295;1,44558235046722
"85";1,01145441911029;1,48069079866923;1,39995653656396;1,48079477780263;1,55051982243277;1,41954726829048;1,40865858760722;1,4068384240708;0,967411577193256;1,73419507583587;1,46215038505916;1,35657151726329;1,87650288818483;1,57280966101206;1,35478788242603;1,40540084510381;1,34188588211485;1,00416028200958;1,39095595269603;1,23265126255069;1,21228947978352;-0,0301306099146244;1,52655415639498;1,40243506895405;1,89245416108855;1,11934748107803;1,38161095169917;0,86810720617049;1,4094957001562;1,40763405476486;1,40236097394178;0,122416151793376;1,4214326179335;1,40289659506662;1,41210407239927;0,528262037587928;0,308187541938857;2,28634558945029;1,11676246424644;0,326000563949075;1,39725802658178;1,67684136787254;1,46812877291838;0,747155690564381;0,0310376925487734;1,41124768755183;1,22557512607487;1,53882554955656;1,43606713540312;1,40168709954845
"86";1,4236764145293;1,27622403191527;1,15230735311388;1,07984488447553;1,73670411505412;1,40025778460035;1,43218021384625;1,4011006682589;1,41910528430429;0,00725173790847133;1,43028112398993;1,44312364630563;2,16153944854835;1,51422796807932;1,40406870205566;0,498668923632048;1,37367640180732;1,40755057396454;2,33773550539791;1,57024950530896;0,222263360479742;2,0633783587544;1,40022531841525;2,05502238372247;1,40113655498312;1,41456722223098;1,45324054924651;1,18222967587932;1,60629592931273;1,51182238664111;0,281193678827265;0,56494528981169;1,12780866355937;-0,442538491904994;1,72473751460162;1,40808158129736;1,57168091532092;0,342037342306015;1,63456747054475;1,42559449214821;1,64523093699485;1,52534070537713;1,37703674469958;1,54201274143676;1,48231861062765;1,42947072916243;1,40574250574071;1,19274489786147;1,56957636252223;1,45035131351055
"87";1,37309312988552;0,219750903161231;2,04573569582885;1,83054854882684;1,65072078477768;1,0938666908146;1,40348722011725;0,986622057858014;1,36234361239059;1,44316463784672;-0,530611709626845;1,40269772982476;1,40311975803208;1,44804781335252;1,41618172928613;1,40152096190128;1,25295314255304;2,41237488962883;1,42315447407346;1,53270525784457;1,30237612563604;1,36044803249013;1,40156756815985;1,46014545584456;1,40557133202697;1,40037335748106;1,41596284649851;1,77207010194593;1,44256940058105;1,40209468134308;1,99633054542258;1,23102619468073;1,16964254054707;1,39923362885695;-1,36126441571352;1,41472666439249;1,34695395650101;1,38085210105169;1,41434617038404;1,40199736237231;-1,92850161327895;1,40805850389734;1,40594671298302;1,74409111390215;1,46383722596225;1,18680389796132;1,3876262647835;0,0611728835799719;1,22448417836812;-0,382987369597255
"88";1,31510061158326;0,215432231589816;1,39696187963199;1,4013674124622;0,788070285752974;2,10966445729224;1,42769809561124;1,40347382142966;1,35406659682497;1,42116075813814;1,73432019509978;1,26150589302043;1,04072508885551;1,43985722709189;1,40486874782817;1,40341711892015;1,42737338191389;1,50129222482213;1,44216718210305;1,03703718503338;1,63067465274427;1,400380862137;0,279536364661319;1,82485388787825;1,36744912271511;2,72188044817721;1,56403895374719;1,35899723823518;1,40326750502474;1,43878737612692;1,45207225752814;1,42212802263368;1,38604087917183;1,32094645389822;1,40251446434781;1,56289151875047;0,304602221507413;0,989084871683907;0,952036350795324;1,34703064197109;1,11853790026043;1,6060805063725;1,58296726622487;1,09346234484466;1,4446381259237;1,42771817179091;1,41048592860535;1,07343811055958;1,35159191914378;1,40486237893462
"89";1,46455979030275;1,4033494645617;1,16101913485302;1,83700556580947;1,14404131978155;1,48022907418941;1,39566675622511;1,28394066281548;1,29625468525486;2,06480717123213;1,12773754164958;1,40417805102627;1,65881281238798;1,7622060085464;1,4019855419535;1,77649801076273;1,4019095435009;1,51057634118052;1,48714291332079;1,57298278073926;1,36428299630781;1,50316779111403;1,80718551270856;1,40502532755828;1,09110567950185;1,45115610340238;1,40237022717097;1,28559137749074;1,60447022593095;1,40866918675471;1,61356045328566;1,35656286243375;1,40162585638183;1,42920495340185;1,20417677704565;1,49152163091476;1,42570017356725;1,20801607763846;1,2923553453361;1,32463389982349;1,68263840119039;1,42466226392589;1,59373153201996;1,93894472741462;1,40892704936848;1,40114896577005;1,40508615281496;1,40182708383943;1,39672837497775;1,46700877234217
"90";1,48503542593578;1,43557357811339;1,57932373768446;1,25955203139695;1,44783541994125;1,54621747549045;1,19207142800918;1,56405120516684;1,44959205132769;0,0980642351094314;1,52384190675103;1,78118204706151;1,40779678812255;1,27256230170666;1,37815753284222;1,40403288647152;1,20762587350578;1,40795741077591;1,33668633131416;1,43302463871772;1,37650932891166;1,23233043529643;1,1245797206574;1,18096867368883;1,40458216308686;1,41905397864134;1,40035317582897;1,66624656801967;1,99781312865424;1,41202567536746;1,21277023990478;0,991619568334317;1,40254990675711;1,90746476636717;1,40774847418069;1,19647192006143;1,06976183054621;1,3973115520815;1,19032243967762;-1,40962896239992;1,38647731129728;1,34540062309941;1,40875508091216;1,42697279150224;1,40909836692257;1,49666094126941;1,63550754646184;1,37416386743352;1,40279676834556;1,0598632452734
"91";1,53206144928264;1,64779993935556;1,32346944820541;1,338191440096;0,844134960829249;1,83793755480816;1,40214981707694;-1,96800681319939;1,71056948027162;1,9317329946473;1,4692291904599;1,6203651873289;1,4335053465209;1,42580767122364;1,45033006667245;1,4307983043197;1,40224632566762;1,6326227693249;1,45738836400474;1,30151196867801;1,42590514764508;1,97333299524352;1,67454859175112;1,40248977625135;1,9182182899864;1,40042277951915;1,39671678270775;1,38438803574003;1,39999338990104;0,486874100900769;1,41623893465134;0,284597045743437;1,41246375018487;1,45537941897584;1,97775048631154;1,43646404909594;0,916630110253659;1,36897486793398;1,35825578438082;1,5641952191083;1,41246954644732;1,43490621908739;0,926636635221088;1,50245382045007;1,40796920997785;1,43868534845816;1,69002508162046;1,40142935009102;1,40526070210008;1,55301489507601
"92";-0,482875937581253;1,36414693730491;1,62791347165664;1,43432436783355;1,51312810867593;1,30539764886666;1,31997843415794;1,38455596919467;2,03741248389145;1,41720464654501;0,165402948238509;1,8095698967468;1,01345192575008;1,20748887401792;1,41955010852701;1,57379014995323;-0,7856208385088;2,05366084545615;0,292141249602002;1,42366257295849;2,00858720139174;1,04500001926878;1,37740224257354;0,169097933747278;0,278472649067691;1,44090932578674;1,60982373398196;1,4090898862181;1,4371800257859;1,40325891983658;1,78029483271635;1,39953222424782;1,44160026416717;1,63726763021793;0,263504815988087;1,1398228267757;1,71880710181021;0,280950051220022;1,92016461398258;1,90487359803312;1,44602607768459;1,40396662498532;1,48341879195475;0,589341936112994;1,41340651947685;1,2620253100678;2,06307312401723;1,58900198413538;0,525686548359912;1,71201749835515
"93";1,91356859019815;1,23623106242799;1,23692524642144;1,91076912922898;1,26727502478689;1,40521740196797;1,40186726825159;1,48514730136515;1,49142646259088;1,13132617804958;1,59360226943603;0,977139814686461;1,63360406050141;1,39032265935149;1,5109488507473;1,40186570733702;1,97924055691154;-0,216045419125972;1,6099996659042;0,694565633757447;1,47942248350158;1,40339660376388;1,10543480837254;1,03955788944414;1,42165011698698;1,40221512473119;1,59811654270062;1,11174482545487;1,44046454938272;1,4040562125129;1,40151491850024;1,48783046104886;1,68748025725602;1,5108798456979;1,41804288002163;1,36371365870182;1,4134768945697;1,37378463218984;1,78368268298439;1,63644741994157;1,31532088782072;1,79241406947009;1,32614129804575;1,39673409331954;1,3999700571789;-0,27627366671098;0,952044733647524;0,425271969979822;1,51823295143807;1,57964736419537
"94";1,40655393801501;1,54253133677033;1,44901522993761;1,66292754352804;1,94746675091085;1,63402287691311;-0,689382916904602;0,235690482646842;0,941229976708645;1,85948108795245;1,60877643752483;0,458106977925542;1,28579409048779;0,235264123010499;1,98388331115681;1,4032058559564;2,20983120885889;1,04142669361073;0,206553997169268;1,416257406387;1,39989688608539;1,40329888174292;1,52087047080675;1,82866209893406;1,48829790535477;1,47568392112205;1,63193610342311;1,40390556930382;1,40139435674607;1,29337385379753;1,98403598909959;1,18963455072594;1,40137947831099;1,47867775073567;1,58138663597699;1,57291187786536;1,2116754761742;1,99602934331332;1,66156657475634;1,8023323137177;1,45052500843251;1,40886995986972;0,938472369759864;1,4045427835295;1,13057576334344;1,40270209726777;1,40296811452494;1,92237351680706;1,30231032569975;1,84424148699585
"95";2,24618789389072;1,65425156639506;1,69094643920996;0,438338952180426;1,08699316344292;1,45740911991902;1,44640992094791;1,40134898896407;1,41043027550474;1,38329195125925;1,56695277388471;1,4205364344377;1,52405664824269;1,96380841951128;1,47809780860517;1,73544368618109;0,899603761253418;1,41864144941638;1,45528406451973;1,31039483919787;1,41884492787721;1,40087914918045;1,56763537805894;1,66295825618712;1,01043517210367;1,42228196391225;1,5102416339265;1,50473997736647;1,671307028283;0,696881417817267;1,40739172928375;0,571942473006732;0,538852860606183;1,42540563169001;2,06276434824905;0,720649752284318;1,33062778472155;1,24132781198978;1,44770709363682;0,626983163171682;1,3437928776877;1,06233809153019;1,54386976041591;1,13507595712975;1,41599934060053;2,03631309513373;1,41246794432632;1,40794465358965;1,65570730436504;1,40572413756699
"96";2,1078742107335;1,40098741509075;1,44012323526163;1,10143612262234;0,674149729566852;1,42782062423207;1,40062868386935;1,87261561871539;1,41013202345936;1,56225496628542;1,42923863304026;0,190632607360549;1,47419535653161;1,38836164018498;1,40429692482695;1,48533721321932;1,858558774332;1,85674042239332;0,906615467739751;1,40295147785068;1,5342679006963;1,46034646762943;0,0726907964421883;0,265592136391896;1,40070332943932;0,557858045811167;1,40426700873617;1,49459732984611;1,40797693649275;-1,066132695946;1,40652383651858;1,4293947753923;1,60614517672393;0,719665681324433;1,50372086626653;1,89167346448226;1,62080027269822;1,41814418919119;1,36621095139959;1,26744112039023;0,68640879835923;1,4019521568843;1,52862449875096;1,6786226873524;1,14189975913837;1,72533195414274;1,1393963861578;-0,365917855648076;1,2797438864883;1,40205650565892
"97";1,56134190518453;0,228375045718439;1,40741332144215;1,43120779823123;1,41851473260321;0,572615178011991;1,40155383507281;1,5366522561069;1,93434563130158;1,40585972816737;0,140123035724941;0,378850428541162;1,40530824192352;1,40148423262085;0,550959972547405;1,79784679726394;1,40225911766906;1,68149501690034;1,40666977948096;0,961275261113037;1,3253583745937;1,40393051247609;1,94307318678709;-1,49109256882417;1,40091465886648;1,28414987490471;1,09163281266202;0,499044004858191;1,42783251275822;1,30037864220465;-0,416628406184144;1,39830063636305;1,7448567693661;1,7819821794547;1,37584760809965;1,6188491310083;1,93915380051693;1,6125456712818;1,53184589199116;1,19288869637288;1,87965753282194;0,346959738232204;1,94806460238269;1,48815071494537;1,4025195149969;2,13059176709812;1,40223066852704;0,848336131275013;1,28201849675594;1,5988892483249
"98";1,46364526946751;1,4017388212401;-0,123788056102733;0,759654736630704;-0,175069221592799;1,46635799626816;1,41329994512171;1,377839382197;1,46835248573802;1,33452489612276;1,15993944853222;1,40342695419765;1,7448357476931;0,838947890221048;1,0126553266075;1,40236646297215;1,40849630423329;1,40138070422972;0,881613120531432;1,33269212758485;1,47206258072165;0,1892044695248;-0,346221313810092;1,4030629016877;1,39720900661936;1,40073820860852;1,84842215071023;1,40483451449039;1,40233220496153;1,31427872925068;1,40690695739726;1,40124755473679;1,62372763891623;1,41262284020222;1,66309098343336;1,20385601088103;0,718510532952345;0,746221231989845;1,84584166961643;1,42633149944722;0,798439948772216;1,56575150617795;-1,22341515265263;1,4082014855581;-0,0543381699714676;1,25721014889553;1,42239187519135;1,86155897243497;0,939369782455306;1,44832893474069
"99";0,839382112312069;0,406622660820194;1,4027247983724;1,41319506090609;1,48174045431685;1,40637552341293;1,121235463423;0,271383609502388;1,43355189234298;1,43536401752007;0,874638743861109;1,46920798557954;-0,478688123083938;1,40915600593487;1,58908533639226;0,433129750902409;1,9508571487294;1,92229004466413;1,40319656824991;1,3486405337794;1,20753132339193;2,2687301586604;1,65926540339444;1,32981937269638;1,40088296658936;1,46809174597769;1,40430723330261;1,49099542962071;0,1513286309082;1,81087403083982;1,39914332026941;1,92550088679114;1,43986035597314;1,40079903253658;0,73186533044728;1,39134449840682;1,40087733110704;1,40215121016154;1,40243967472361;1,59104771310242;1,6105712465988;1,65213355300133;1,57713963219784;1,40229748061202;1,38116121076848;1,35318793835141;0,955253042683771;1,4411905406026;1,66454416180581;1,39694844780064
"100";1,46929418904456;1,65189031446819;1,47867666202234;1,45727524469716;1,98835974199339;-0,0431463180011562;1,40794697680265;1,59657143521541;1,48815818265023;1,66458574076764;1,40571934779687;1,65547187573219;1,44951482065448;0,53074218075343;1,54566174662894;1,10416305477809;0,47427795751761;1,40366326682625;1,51156591649137;1,40016219239764;1,4007146993156;1,41556147867599;1,3955550677617;1,53188913289469;1,17154056350591;1,32594038877842;1,40286284324522;1,34966152545891;1,40441904298182;1,42616031001248;1,1709749004604;1,17965703610154;1,14432965742002;1,54190666050097;1,50112965048592;1,6743757942975;0,371531629152846;1,32662925310602;1,59374127147491;0,763152671185523;1,37560477402565;-1,36564011283113;1,54144127432021;1,94391780717182;1,29364858990413;1,39609763193218;1,3534039919014;1,21591127607943;2,39829799051865;1,17870833727229
